slot_id,classification,anywhere,tail_500,reasoning_sha256
01386c1389032251bb4535dad5de876bfed6653d4a756f67bf0e03354e74883a,NV,True,False,20f18aed073779ba2d7c803c1d5c78320ca05313995d9c8cf0efd12961f74e85
02116abc2cafb039f29cf684a8addffc720ee2666b05ae66d31044473fe0a76b,NV,True,True,ec2c6548ae38367057a1791a5619e5c75464db5e481bce65fb9dbe38b6b7f5f3
02e12a46509188971fca5904d7d37f7e03c35c47f6e2ddea9ac98df30cc0c4cb,V0,True,True,841bd1bc304004359d8ad3fe5f9bd688118bd663e86110a0908792d9eb29c053
037d4d4a2408f39088c2fbb23fc513e339bf95cdbfb0ac02e6178b1d2296dbd9,NV,True,False,903fba3d0fea6986f7dc944bc6c4d3516ab55c85c4006d447490fec933578dfd
03c1a1e58d6d656aa26625c788c9a5df683a462bb7dc445fb04d268e7f3cfada,NV,True,False,3955d3982b23b1d721810206c1f4d9da9b2321f1c3e0168b6ba9e9a696384be2
055d89eef67a9fdbdf6d49015c5a46b4684fb33829488343348f2cf4884b5155,V0,True,True,474d7370c71760815787a625264d6c21b6788d1e1858a7f1905b52df8df64b99
06312b518ce290e9cf67ec62b97c4ac0ec38788f073fc66b875060bcd5e7e85e,NV,True,True,24046f15a1ddd6a93d108d2a6516d6c9dabb14cc8e0eeb593c1b5ffcea48c112
065a06b72459ce97bd4e0304b6f40f93ca15c209fe4b3bfa0d95b59050a7ee97,V0,True,True,72897d161286efcf205e512747135c2992453382e336870aa32c90e3a1413b62
07a997d61ae3671fa03c27cfaf99e9f12190b2553201327156a18fd73f7f66cd,V0,True,True,49b5afa3f8e8f691205105511a07533e96f13f0d54388bea6993ef8ce1b16067
094f45db177c55a4667d9b59279b478ca9b676a9eeb34f605da126a20f73dfd8,R,True,False,2310ccc96fe368d4bc599bf4bd6b9f7fa96c7a069b9cca90f48e2c7fbfae011a
0a50845a95d4a46c1decd78ded1202ca366bdff19cbaeb4adc67db666f6e0114,R,True,True,00a3514d3dd81b689dc05fb18364e75b5a972c2fe51a8c07bad21bc76c174016
0ac48d558b6450b7c6cb9284f26cf7e4e43e558ed2bad8f76e326663f0dc8fac,NV,True,False,60724a6feca5079dc6dccdedf074f0fd8b964df05d9c239824c0c790d171846f
0addc529b9f70a0adc11542289ffeb3d22fa929178bb340b20a31a7281f3e5a0,NV,True,True,565191e36aa43487d7f8b60813573ba47f5fc0b04f77042aea3d49692365cf34
0ae6dbec03245ce702eddf70f083150b6410aeb6c8c0815560f75bd83924cf90,R,True,False,64a0c255b5bcd9c6f91aef7dc30dce9eec3c770d0f564e161f8b365294b952df
0b50075fcac73a72abdcf2141c2b27c13406cac9e857201e23c3c8669a04cde0,R,True,False,56dbf3fde93506c95812bf3dfd640135c180e0b8413cce446b1c6c4c616a680a
0c2824d712689e6f4f3dafda78b651c01d05042d611be91fe7757d15f8c108c0,R,True,False,8fc7646400d6f4c276294e5aeedd7984ccdf85b3ede412dc0fd486b40a619bd8
0c6f323f6cf5551b25c21a2fe083d74a6ac190dd667159f215c4110f9ec709d1,R,True,False,30a9f5440532b93bb363e84f031a3dc629b71fcc97e0a0ff9da1a7fb8323766e
0c9622055e70582781a4a254bf5cf26dbed41fa63388c157efe57ff5307a7827,R,True,False,3b738a4809515ddb44ac78e5fcee07c4c1ad50f676604313e1480be26c3f5069
0d64b2ae9f7baceacef96ad11900a7e3017c8902965f6d7a5bf37f383599a67c,R,True,False,3fafe994d50f59c0d4ef2503846eeed013c79fe7c4e93a3d3647d69eab6686f1
0db2cbb30c9681b8343b134216a70c6765358b7b1f9a26920902645fa99a7bf0,NV,True,True,5f18a15398eb843fd8e85f96c159b3f42aa4bb5a6596b33fb6641d5c3ab05235
0e552cd4f944d5b2b6bbf029edcfdbbeabc120d3b9433e88ffbcf39ee9c3df05,R,True,False,afd58886c7e17cf0c68a6da3ecd4b14255c16b322137681cf4b1e6eb4d7d0e0f
0e66bd2919b432881f165b2c92fc3a98a445af4ec700b1950c43e27ad7154284,R,True,False,f80e6179bb0e32ccdf193b476bada1d2d4f1a23b2ad3b2870f101cc2ab6397dd
0ed77ca46c746188f374f9970af286261fd19b9e8cf90789036281e620140e15,V0,True,True,32fd720bb5f0d8b12203e1bf5859b7c5b5fda871af2fb6558d89a29197e987f2
0f00ff57db44f62af998d247b580637c754bdecd8f000334b0ec59a6f710ac68,NV,True,False,5b299a3a1251d0fdb06c96c43e87cedbbd5e4c77b200b4bb0b1dbe3aaef64eaf
0f31a6991a775c3c12cede9522ff0f1019192e8180ba988c5447f086d99f361e,V0,True,False,d6390578071eb775c0ad10e9587c705186b76389f13d515ec81afdb67037d7d9
101c76da3fcc0f7f7681e89cd9ecc4909c17900d48b153a25797c48a6d86514c,NV,True,True,dffa47fe572a812fc90e6446cf5495118470224017a9924259bbd5d15219b96f
1354c4303562e3ef6489b7d83c6ecd0a84e28f33ecb1ef00d7822593cf890d0f,V0,True,True,2b0019dd3eb6ddcde7fc57a078dca9da830ef34465729241d15ecb2c31e6f312
14b9beac6296897528e0c3b605072211e12c5d7aa6847e5f008773d036a518f7,V0,True,True,2b66af0b288153e9dd4fbaaf9562cb738ce07dc10268811a2b580c23bf631096
14cc1a0e2e53248ca8b5e900f051cbac32fd9ada1087a7d8b3d81ffe35134512,NV,True,True,aaf2cb7b405b7618372200230979b591a4cac2a80942c6b1713d01d3e1a1483b
151d7b87c9c66f332552c8dca09c97064f827d43a49a571443674390f5a1696d,R,True,True,82bcbf52fc70038246522e0cc358cfa6908e055cda6903f166dd99f6e662ec8d
1574308441af6885b7e73ed18112a65649e4c9a8e7a859b1b429032ff50e2c84,NV,True,False,fb2430601ff3845afc009fb354fc5bb5ce4cac5c64d48a000fdedd2bafaa394d
15969418692310d4c858732c380ff1ab726f4af24a45526b6fec79c54cf9177a,NV,True,True,bbe27f952d21477a36cf76985784d063e6d884263d710b52ae47a596978270d5
16e9987df9ae7071ea9448c77bbc6de7780fbade32d0c72b1254053b906541e2,NV,True,False,80103ccd237fdd77273c941cf51eb0548be72dda174724fb5699d9f07f2fa866
17526ab9c07f5ddd955d92e3f5ecf75cc07556fb3fdd7ab68dac140259907887,V0,True,False,cafabe3f635cf5de91442c60a05c0c0f4696ce702662b9a48edcf6d8ca75ddaa
183dcad056e2c099774105af2c5d32ac40f89981c49618e0d78672130f1564f5,NV,True,False,2dc28176ec30d28ced3f84d5046f2cf78452090eee9da1c505f3782175ec6408
18671bc8c77c08beb32a4507f6d88fc42cba2c1a23ee6e008e00562f10bd496a,R,True,False,aeb0b1555e79fef1a0988fe26f4ce825e5dd6156ea39a37e48e77e299490e5cf
1b6424279a28e68f0bb2113fa2646193f98b94b7d7db9c71a28894cdefcaa8d6,R,True,True,81b5cceea6c7bd6d0225bd60452c74aa9cd8965bf737065e9a658278c5503721
1dc5b9738b9111c6677189ff3e64d2a91c829f14322e0de1f20c302f75bb118d,R,True,True,df710cab225446762eb709d69f12064bac8d6ddc93d3988a849f062b15f4f311
1dd5b71e63988f70ec7b1b668e83ddcf2d8c564e7287404784de5adb189d4e5c,V0,True,True,93f2978388471e1308cbdd2a08a7026b7d1754b15a7e5a99859a7f6b721acafa
1e32ae5bec64770ab0b0a4ca3241f9dfa71da8b466ffe401f7a3a2e3e9fd42d9,R,True,False,b6ea9e8dcfd1ebe09c2209c2d362e382a04e12bb92f55ba16b9b860984f13b22
1ec7685419a2f2ae0addcd4d8313a7c12ebc06c2fd6cea20f79f7a3fa4bb2988,R,True,False,454fcdf6286f2418f12838164627799def87cb5b33f76ee7b08bb9cd51a77402
1f1c3239e129c2f541e75933514576e5e34ad35c3232f1dddf21264f3e27c137,V0,True,True,8e7c34847f82795dd19a97e8cfb771f2c2d54bbb5f69cc0b7fd9646faf3fb188
2346772fa38f21e3788ac4072843a458692ac9b90e592bcaa53cfa9b953bb4df,NV,True,True,9e333fdefdbeeba31b23d41194fc53a4c6be37785ce18f616362fc1cf1eb452f
24022688782aaee16be259a0dd84904df7b4f698baf7fbbccdfd0c35242ac3f6,V0,True,True,1002c0370dfe81f5bbf0f0146325a74462ef12a2dd30db018f3a06dcc787116f
25464242610b97acc913714f3ee170c49af533800624e558cb42cbeb31a6d03c,R,True,True,c2da4e490c18cf2a7f029bdb63092bf75fbc773a995491d6a65a8ea506678ea5
25b85af5630b5d3a035decfcedb75c9940db31b3ff30ae3883a1af1c7d8e6633,NV,True,True,35d1379a1f2865fde5c49050b020adaa9f5f41ff98e66670079e511e41fb40ba
26677c36249935930e74ce3fc276dc2d8766f81b3dd262b0a914044de2804692,NV,True,True,ea2377e01117525ac3d8612737bbac3555c07b8b78b696de305f5e085401607a
276b23b545a8ce89b72b79dcfc3bf20c9ab4d0e04b4ffd057fd42665fce1c65b,V0,True,True,68e8df3a106112cce074b74b75dcb5e75c03783aded3d2a2d42046461052266a
277aadcda4822901f5a9b4cdaee92324b7fbaa46ecd99c087ad4c1e1799f55c0,R,True,False,f186d819c4605da936ff9f1922da2b6c2476ac2f7ed55e142a5228f59b306a85
27d0eab972213d897d0a3935a37261bf3398b5b8c603a32fa4e8374f017e4eba,NV,True,False,0b912fe671084fc36e55f709ca37369e306409a0f58624cb9ed3e34aff6194a4
29f7d56a91cee68446c87c73a7eae53bbe5a51081e45106d6182aef97edd022f,V0,True,True,e2e7658a300d2f7ee873eedb53949592a84b76f75c1adfc0e2493160c1140212
2a8d9c10a3df485d55001e314f309b1e502a72bca6b42471e313600d0809de2f,V0,True,True,22c3c51f8e77d8a284e77471c263798f7c6478d84dfa534ce75063a8cb4eafac
2b44e163bfbde86b6a13a8a78e37cf462f0bdf89ed6c2665fd557eb6fbe1c073,R,True,False,f4dce301fa15bcd54ef83326187b7b2d62e2362343ddf3b57254be3f4209e4af
2c02825eec98ef633efa9a793ffb590e67c33fadc39b24071700bce8c667f2bd,V0,True,True,ff2da5c0a126a4070cea49a8aea8b68269cc2a5e1632c4cba7df96773a0ae220
2c42e3ac361e01a80e0dc70a169f654415df7dc21641b3480bffa00429a00c0d,R,True,False,15ee3df871cd6c3aec807cd407bcf6fac7b74a1987308d10e12b58df612c8cd2
2cca21cf55e914ce30237c24d0eb7a1e7eb82944033d3378abe7ebabddfa7d2f,V0,True,True,17f2cd48523425d26d333dd9fc9dc5c981994f8a546b531cb947c169b0f1ff9e
2e2674ee716b6c0d70fee17fbda4fb900245801dfa50b7f46e3e93970de9b48f,NV,True,True,23b01d5ea48119db3fb5868c873576b77c8ba0f4dd47816b5efe9e5cbf65894a
2eccabfa83f4a8801ffb2839240fcf577f117d4aa0003514453d3fb57c02577f,V0,True,True,f01fe90274f62e672d74ae6c6dfd9dbc3d59dbc95e175e184717e8efcc01bad5
313b32cdcb1fe8f77e7509e6a74fc0323cab6219df9f228a7168ea1e60b9b0ce,V0,True,True,982603cbff65fba74fe09ffc70eeac1a1b36c54fa74eb481a149f11c3142bcc1
316a71706eb9f540706f50907847cacc1fc94b7436a467218a6bad675d3babf9,R,True,False,e501fb2b611c20525f8342d4b1872afc891054d85c342bc00b013c1eb4c7df5a
31a690d161d70adbb3d952565f29c8626d04d33b1aede7aa581f0d6d52608313,V0,True,False,8f5fec77c7a5a50aecbd64bcc546ffc219ec9338cd38cc9509a91993e7640a08
328d5d441be5e52093678fcf4e8d3f214cba898509dbfd591e6ec7355717901e,R,True,False,1aa4b38d9d66b78c2915186a63e18c6cb17197010f953bcaac7dbb0e8c57ed48
32eba94321e960f49e06f45542a9455921cbf74f8176ca92e94a8e9cc26e1893,V0,True,True,74f8c3ab8f71c4231ba758efedb64cf487aed5895a9264be7e21c47be85a9da2
3331af2a20fc1173e69c0c50a225c8e00d0701b55598a3e427a1867f0980273c,R,True,False,5783faa90154f59746cf1a40317c7ab19b27a095111060347f24dbc62f4056d6
3469bcd579160972cf44426f1e456f1625e88fdda87f5afe28e954ab36050aa9,R,True,True,61955e85ad8b606770197f208f88e6196cc8054967401b7b3931f91856118f99
3473c3a1cce13cf91c6840cae4dbc00d6bb20556b545b3d5e27aa13a45145dac,NV,True,False,637ab6f8b491b117650aeabe32abc8a561b6cfa7c9f20584733dd200fc6ea746
34c42d39f56daa106918b438bc97f76bbabfa1f948235f43565bf2f07b432d06,NV,True,False,0e168510bf2a5881fbbac1828b14355184ba7c651c53e0b03b0f18a1af379bb2
36db718b525ead16d5dcf8493bd7fa9efcfc0422d08885f2f1b1c73091ab63c7,R,True,True,8e0dd4d74e6a2056937a79d552c53335a8c776a3a7177be364bc4860d2caa9c3
37b06a4cef40f96d3e95e56a6669821d12e11ba4bc2fba855a4ae38d70d982f0,NV,True,True,03d2f660e6399bf803080a35a1e5d757781a759686e0c88acea853405260568e
38f4c3faaa89983895d3275a644a9def6cd49abed8e5a007f708ed6102e74754,V0,True,True,b7ba743efb03d91611a326bdfa38756f06fbdde9a5e656021cd4ec55392c6c72
3998de5a9ea82fdec5b91034d6f630b08f15936cc39be13ecbb4fe6190b3c326,R,True,False,82eeb39f0c0554f78625ef1a458c1762b8d1a4be331d2ff218f2717cd76d40a9
3a15e0fd84d3b2b6e55d3b70cd190d25b7f4173d6f46899889bd27959adc9752,R,True,False,0a88d11124deced9a5f3679d74d561d185d601378e93312d4b4cb00e69f7a7da
3c0cd264e698b4b6c57380a3de7b3a69f0cc30945c6c6a23800d2c1e9b8c5080,R,True,False,c111193d95ee85535699f262314c1a7852093690075623c5049382c1e410ff5b
3c3a5db4ceda6ee98e5c79b4f49e469e86e892c2a1c09e25cb3f6ed15d2ba42e,R,True,True,fa190dd358a99238e5e7435568569adef5bbc694c01c16fdc3a537c0e69f225e
3d0fe403f323ffec49a518bca18f3879947194d09d62571ee489c1cb8d6fc991,V0,True,True,9f1babddab514fd27b7ea6655392789e9d730def98afb86f5b93e0ca22a5ffde
3e6cd48103b36e557b7747a672b84f48b6eff65def02c8fd7957ac4f7a9580b0,NV,True,True,045ec36fcd6b653d1e5d39f84f1ee5de9edc263b296b81ef491c89d2e2ded688
3f1da5b4da1489fb265e816a64471511ca0e21dbe1cb9e224df176b444962e89,R,True,False,95b94b5dce17c4ce05098a4862e7dfee677b60c20b7152245dfcf2a456a9e008
3f28811d835e1037407b20b53f4686e60a61fe6be11b2e696d660fc4d476f06f,V0,True,True,279d703d14481c2974653acd7a1a340b71b350bd6c781a1d26433f35c0a06105
40d8ff1f1c0a595623f54ddf76cf46119420d18d95d3b82c1b96d9a38dd28655,V0,True,True,0e2a497eead9fc6e69554b6302ebb0b681d8c770a9dbcccf449b0f095083399f
4200bc293733c02316914d5033de2377cd798919ad31687e4d065687e103ff35,R,True,False,f597da2f9d40fb063840c5e24aa4034bbbb4d1d7710046c2b2d64f55f99879bd
42c6e70379501b176ea9d0b27b96cc4abdc3a10458846766d6a172b7b346a9fc,V0,True,True,7c07b55ac52d757a2de82cfba0e14edd3d2895bb6db555f3c180e28cf9cc6b06
435a729fa540b2ded0982760f813ae50e5437e30585b5daae5f74e18cc28089d,NV,True,False,d46e0ba3d7292cd816d5c0388ffc8afb0cb8e24d5258609f3bc73ff421b66e55
43ef1e10d3e1fb3ae92af1787e5a8370fb9ccd54efc1a499d7c5e0dcd2932afc,R,True,False,46538283da1a871c3effb6f207b50d32840716330c1b42599f0bfd1dd8b5e1c9
44eaa8017f9bcf5ea56c3c48a01cf53cd0ccd1489176e3120b6c4a93040526c6,NV,True,False,1fb01c4d38f218908c4d5250aa3969a5ee72d982ebb8aabd77b087de7fd571af
455a3d0eccc56f091c50072ad9a04bf1a84781c4bcdef782894725e64143b242,NV,True,True,1ac58915c9abdda91d5e1defb62b8ad673f77b42a8e9050ad83cbbf38d33d991
455e5ec2337e9b68a79dc9b364c349cc09951d5a754a9c215fb465bfbd8cdfce,V0,True,True,6bee81a4ac899378e6dfc046a8fd0c3c943f8ef049c5a32865b47e0750638e39
46d3aaea7574494d1f75fad204e6dcd036747166f7927482fa0299236c64850c,R,False,False,0c4f574d4f40a3a10a49446c062485ff8adf8ad7015391557779faeb5fefec25
46f042d2253cfdfc55463a2adcea059b4d2619798d2e085e46b0a52db5f6656f,R,True,True,afbc5b74677274f1704bc10aa7118fb0fb5c9ba2c0641d22457ccd13299453a9
480a637cfacd6586cfb136121776233e5d7171e2231f4a69eb35f85e2ae0ba75,NV,True,False,f326bc06b38a7e8b78f48ef996c4161453d2adbcfd8389a0d06dd3da1cd67112
4a74a34b98d3c94571bda8c5194943cf076f8521ad8c020476b18de6691d75bf,NV,True,True,603d5e6df4019f3ab90aba1f88ac71d89047f08c2a345e051395b2ea734d5e5d
4a88c3258be034472dada52d8f7236082238ab2077e3b43ac3c3c6a830e46d17,R,True,False,6d5915fbdc0d0bd8e45e030259d1cbf5fd654699d045b9267083bbdf83ff79b7
4be06261ce583e5e974a3d0c3ba67a7a2bb9f98e8ef44af50f1947ad240a9212,NV,True,True,b47dbb3539cd3a8514d86b99a3fdb9d191e370627a6ca2874a10ae3780c6f007
4bf438fb88cb861360b52a78c6a2d534f40daf4787eddfeb1c0364066a415379,NV,True,False,a9a955a6cbff39973af63461981bebc89f279de3d96c0cada2e97e94c5db740c
4d09a327e5f14f2e1c5fbe18591b4162f85bb15064d56e8ab7f7ebc8b3af5660,V0,True,True,08b8ce8f2abd47692c494b3dadcc486c25ae962c271147c3d5496b988aafbbcc
4d22bc658689867ed3ee4c1191918bb08f63bb763b265b227cf8f9a2e25b0c85,NV,True,True,8b27ee37e77ef842db351e38eac991d84367a1e821b2462a9db196d0aba452ca
4e50315bb42f3d779675b7979b458b5daaddb367d259651adb7a9c46c5791922,NV,True,False,02fcda291923172bd317099c28b123d299fc2867fc6d77419a53d5f00781ec16
4e98a3ca55f69342015e76c041750116262810f4a0eddbbd4217c842be53bffb,V0,True,True,0aeda0b88ca7cafda40dd30110100e8cb21723e6e5f5cc4751a77c42b369fc5d
4fc270722f96676bcdb20b02a3bc50d47b065c0b508f7d485c4f7bad28d24708,V0,True,True,2d60f01b632d9cab7e705c9033346392a207d791ef1b48333f9ecb6fe77ed612
503c07b5abacff6560464dc542656572d2797110ad9078f29650322586082c10,V0,True,True,96584c69954234c43d6444dc80364f8d3de628e8a98591cb21c9eceee3c686a3
50c022673062b3948a126e8193d6a8fe04cfc7c0ce21df7feb03246434ecabae,NV,True,True,14c9dedf745a8e7544c883efd6818baeba050882cb1283e42b173101687891c1
5152f589e5e74764bccdf395e9755134a4b23aca24e872d23b5948ff8e0c1dd8,V0,True,True,e7cb6bad7f9056dc2cc9b49e427099fd84f1e58fb091711686db3d73c26be54c
51737918318dc6e0c4e79220923ef44cc7d08f2038118e1898d83878b63fb9a6,NV,True,False,4a7cf31a3c18f54aaa9b821ff85f2b2fadaf326f842701ceb5e40689d7b6d383
52033f2a7e7499aed6ddd721a26198b7960135e37223af2f04a31eabec591846,V0,True,True,db990a9e0c234a7d8c51be255b5fa78752b9c5d046b7b0fb0658fa60d73c5ba9
5551150e74bd3a8b457d7d4c017f2c624c2affd8ef198655065b208a5da10d4f,V0,True,True,ddd11d16e339f6ce2b440f9863a514e1d1e762908680b7b4b40e0e9fa89270ea
56403cbd907787673231dce37967a8b55550bf8f32159ef55c03e9904086b2ed,V0,True,True,e3bb67dcea7f183353e7ce7da62fc275184843fed547baebfb34068740d05390
56a3c13c63beb819aa7256b047a30cd2998671d151652f1764c25f908c5e4008,R,True,False,d8c1e447ecb203c3f0476f2b77ddc1de33dd6085ec0c71fd8b20a3c5af72e281
5765e6c83782baa1812b323c3c15e2b055c8de2f830f8a301cc31484ed08da32,R,True,True,c88e87b8112a947f9e4603b7ac5c7716f8d199c72f1e61fd255d629f9b87b181
576cd6a5888bc67bdc1e73ff2f5e9fba9a6a7e676f87cef06c6c5a9c2435932f,V0,True,True,0973a2d52b2a35cbec86eba5fc7d348315fffce97b6011ec4b2677423ca83f7a
57aa5a72afecc2b3a43a0323a9e8458c81bb19231fe57bfdcb0db8b02bc84723,NV,True,True,387b0f526fe559f97a95851f9ae62afcaeff76939ff33fb88aed78c48c5c1eab
58fee5e4ac95df28283c9452df2a897012719c7c2b4bc6b0a30923594d25e2be,V0,True,True,b67a4a9ab0fc7797827561e7c0c58bfc34f9b50ff2fbb764060e5e49291513fd
596664fabfde6c30e0751deb005b9b80998b98ebe261f7d097eebc4a984eca6f,V0,True,True,51353ffc115737b83e65ceedab4e1619e0984965fd9ff618e0806d82b88f5b82
5a3665afc5b684a0acf5a3818af0d659b7a7b96669f6e4e2050a127186bd929a,NV,True,True,81e1dcc9f05875f11f9523872842e28bd8fc8dfb01881dea9cbdb085b0f423c6
5be11390428c20a241dc3e484d9bf1f5190a40e9f9effd1716f99f3af9f6508b,V0,True,False,755e9765b96f0343344723d47986d10ab7f3fecb164a9a6af9632b4e9b109c76
5c5d6a198ef23fa21aef99a40abf66711f4559b5a769573ad5d831dcc87760b6,R,True,True,a9de83800ac35bdb5357f78d713553b899ed82c5468e5299f88ff422089de22d
5cca10ea4c5050dcc34d963028d3cdeb363f442b458313b362d9e4b22eb22667,V0,True,True,e71ac9b48282c4e06d33c9c1d9c9cc0e932c387d6266bc8a4c8acc0466498b1f
5e90c4b665e2b590ecf3c1718757188f2b9d7bed4126e3b034c20cb9c901306c,R,True,False,917e373085fe74460f8dce3402997c35323af5d2ee0ccae5110d57e6698a32bd
6079b5c13ea2d83f8a3d19d3e59ed258790976daff90a619b766e0c30bfb1ee8,V0,True,True,20b30e40f6173cf60b31ac8dff55ae2b95a65c35b1eaaac5c080586c3ea6024e
61c799b45a3804d0ab7c000dd54efdc1e659011000e66655454653ab6601789a,V0,True,True,41323ce7bbc12023a44d2287a3dd1e908236f3788776fda532f697f9f47bc5a6
622d5cec3c7110eee4699a71766d1161b20ab396e38d3585851968c235bcf3d3,V0,True,True,08908f22dc01c5ddb917c06f4dc6942659391c5bfa1dbe31e7930aa03d0760a4
628ae4df9f8a73149bb752785001e36e101c3c21af5316d9d22437303afc7572,V0,True,True,b400847d9077d80a5ebfd8a2126529dda5146cd60bc3bf90a4e38c9553f1de4e
6301518c249b633326fab34cd35ed9fe8a1c2ed42d19c4d2e2f3b2b91ee70853,R,True,False,7f4d9eb92a91db9cd830322298f623e3e3d8d5854811625484bc31ede43f47de
63db431a2ab4f551a58a50ff161d51a932a947a1e3ab2315e5775ce592a2b8b4,V0,True,True,fb9852b76f6e83f3624c7820521832e03aafd9f23922f60a5c0d547dec3d1b07
659948cd6e937725de62525373bace0a29d080ea452f17e4ad8804f708a5286e,NV,True,False,1f5da4171c14a912bfd7207da8b295091360bcb4a6b7d8ffbe64fee48422d371
65cf65bcb07830ad427d83c399f67b5a58e219ae22ba21b0345d56bc4d1f8750,NV,True,True,a45795d260bf447f4507262e7be2d15ecc3d44828b5d128b5375f56d854a33e3
675fd21984a26cb25ea08654ae23b3fb87ccb9644ab1ae77d9cb1b4805ca9b01,V0,True,True,34c0a43043e579bf13637243f5c909d9f22149c106e57a331c0516584dfb8af7
6a1d1a0f43c620db0e48f04e561dd59967c850d2ae6ab23848e9f941c70ed7d9,V0,True,True,eb217311585df0399133cf12f70a76cf1eae59cf932576c8bd2192a9f3de0ffa
6ad64ce3b368aaee51e2607c737114373cca408f6fbcd1d72014d0444f5415b7,NV,True,False,8abe67b225c65db467fe7d4d58fe37724a03d5e26917169cc1d76287a15a2179
6d3356c77dde162028c1d23307d963e9640cedbed50e808ef11c229ab6c37188,R,True,True,e7f2bf7dd86f325e9c6f0d23a688095765bbe8bf05d20591560ffc7a81099ac9
6d3fb024799b5ab4ce6ab3dd56652a46dc18a1533f9dd0644ba1abb7466abbe7,R,True,False,71e48c0b37a2b389fdfebd7067ef4d319a0ec1997d3eb2044c2153131f6bed5b
6dc10132e90b9379adb470b7d976cdceccfcce54b5fe93dabf3d4201cad79f69,NV,True,True,d0a938e937e3635ee814334bd6e6218cd0db9351856626c0c2b11f90cca2588a
6faaac8937b25b096166005273b523924b79ba34af40ee449ebe268fb0b581c7,V0,True,True,f754e722594beb38e77635b91219022a1ced5665cd83a461dbdfe1a6f288516a
6fedf61f33a24eb3b3876d05f7f6728eabbd0324fd0624fa9c629207cec7bb7d,V0,True,True,47d515116edd726c4a729cc1712f8a25af77515b66b61a6f1430ca150a2e39f5
74710afcf7619a1bcc60ae43e000f3836aa3e7735caf9de6146d69a9f4aa86f7,NV,True,True,5da02a29a5e0054f308a527679dd8e7c54bbdd4c544ffac8573c923af04c4604
7848f596baa24c6b6a9c37b045fd1eeaf9aba2455bfce09945a415f1f285116c,R,True,True,bc0039abe6f1250d2d95c08ea495a19fabb088dadb37b0a88840fe33adcb2f18
785292451b61033cc2360350701b2c9a54ce4a75b7ac824fd0c9e3ac92cdcd3c,R,True,False,6b1878ec90d9b90ba74a1b9dc1852cf8977bc9bacdf79f7ccdae5c73e5f6d938
7861e3a27051e84106dfe5105bf113d39b6001e41766114486525fbfc9bf0289,V0,True,True,80be9a0d4424057476be044b801da6b0fd04fe443b0bc636b0622d2c5e79bb34
7876098517a220a87f2aa3ac68bb6c18d08966843e32ebb13cfccd8f283dcaaa,NV,True,True,4db27a4f59b183dded3c677d0bf63e53520d90deba7b982dca06c88a64e5b8b4
790b3483451566bc09f5bb6e760ad7788d0a2a226b753cc39619ae07064687ee,V0,True,True,973059019405545b8f6c12b3643db6ab0587db83c934b54799475ba5ef0b2c11
7927b3e54a7a5af6710149697adbbb799c6e70348b6adeaab7702d22497e963a,R,True,True,a80d6006552c3dba5403fe2722e41a6e532077921c5306cb9c12a17d19fb2bc4
799120be89feeaa042aab0365df2cffa48117a68335b6b22cfc0d8c42e113c08,V0,True,True,a61184eb7fa2858e3be0fcdac99dce9e3d06dd8cc416e0fceff128717b0ea9e1
79d4c77bf86abb06fe1d5ef21dd5fefa26389842f378736740441e90ed322e89,R,True,False,c9a721cf4d6d03f2e4b07deca93bb32d14c10987227895b3a9042a454fb062d0
7a209dc2542639546fff218288fb243063c38e0e7d9ee85e9cbaa62902c4c60e,V0,True,True,356581779fa75146f4b9edf027b683e7ce7ca424ba6763753d1c633ccaa140ad
7ae3f5d91c6b2b968fe363c999ed43e0c633213a1baa895266155f1fe4c1134e,V0,True,True,d1d8252984f1b9e5a764a2180af3d6cfe39e57962821cecbfea02a7ed2361c92
7b9271d78fb38cd56c4aeacdd02759e3611acf991094dec1f61ed8c9e6eec5c1,R,True,True,099d8a35a16b2986ac6e362b83f034e0a2125253186dfe1ccc7de15f2de1344b
7c18107a72a73c78654b599138926b6e01e4e0ef83abe159e4512e9b3b35384d,V0,True,True,1f462110e81f7f02adec95dce8bbb82b1af1ddb5985d6346bb1a1225d9e98033
7c48ba6b597717480feeee8b1b4bfdd9e22d2619b8cc21a9cc3a9223bec62242,NV,True,False,c32ede5e7ae5226bb137b6f272dd4e348e3a5c9937a1578a62b503ee053905ea
7c539812031aaeb2d44c94e98a2ebcadc435ae3109a23303b9b22ab644ce8b56,V0,True,True,b212bf3fd7679d4f76a164589bc3f483b04d2bcdf8b99429ba65ff668339e805
7d7eca3aff83822e634f46fd9dd80a3908e2cda2712a863fadf1597b1197eedd,V0,True,True,08879c2fdf9224a2a4c00e2d3ea0f1d8a3f414ab908ec85b576aef8b3754d36b
7ec5b5061a16306eb123b560bf42bff9106729d7271b6fafa22fec0c7f84a085,NV,True,True,52ec978ddc43cccd0002c65e92d85c8bee27230c2a2ae87c0ef1afbfaedfe046
7ec93bd5363e8ac5249d9f032ec14eeac5d367133d32de0f4d8b8b72d1aafd59,R,True,False,3f2bc2fae4df255655cefd98e50b396313b33936b071c9dc6acdb34c276306e3
7f65896ca41f57465dee32379eead29501eece0beddf229400a9eb1e0fdd5123,R,True,False,45182256d3fb19b1f7b3089aa288db8b980b6f735007f3932402d7b20fd8e601
80f7c46fd8e1ed9e1c39bd220d2d905fbd9c6a314f11b8de6600851a9194f895,V0,True,True,dc0dc85aebb412c8f35d773f9c2aeb6a41f7480594fabb83f95d6dc6c4693bf9
83002e9740da5ef896bffa046e1fb1d7cd02704b3126884004724c3e4a3a9ee9,R,True,False,ef8e862e2806b7a585934aa249eec3ebeba7ee6fdbbd242074e643aa2eae73e1
83344019d919e8a96be7c9859cf30c42cd840137fde89f14cc1de20727066176,NV,True,True,e2d8132bd3fd4739e18a7748ffe9b35d3053c305074ecfb5d22909026c5ba168
834e291272bee04e0da76442ca35da5cbf3136fa39139ba37a41a453a3a6e283,R,True,False,8411a04a2073cf1fd0a8ad01c47b886b8173161df2a6ac822b781aa35929ff2a
844eef0297753d374458637095d0a27881032d6be5cc7ab94ad07b8d1d370375,R,True,False,4e13b34ec485a149442a42b4c740d3cb151741987a4524205926b320a214ea1c
86b4ed948f00e4ad6ef1cac532b55534e9d5e749e0b1608aa447b72e8ce21060,R,True,True,fa911e93e23501a215d6c82aefeba50d9e6404062d399d50ae485d2c9d51ab22
8755a212d899773f5d4ae00b75562d2303cf7d8e71b588aa4e922605bbebc70e,R,True,False,104718697e254ec751d4a6a7e56c277d3b15a70ccc21f2ef86ff85b3179e58b8
887d9032c39eccc1b8b9e96ace43204795ec3cd344acbba996f2aa758b8f5844,V0,True,True,991d64113257f2a360edd225e8b118deffc6776617ff87dc6a582dcd058c3535
889280369bcca73fd142e082c1f89bd8cefbde13b9a1752e0ab1e86bae06b379,NV,True,True,046b46e49dbea34717bb3f8a62a8611cdd205b856953eb426247f03a4877758f
8b56e349af146d8060eb538cc419532b2831c594ac623c12473b61d3432c15d6,V0,True,True,5369d0dab27da66b1feee13cfaed61ec280c7e8b98317bd0c67c241503e9aacd
8ba7e16a9164fc75886f34236c3f4f9b64d43e03ed9acfde20a3871f9179e45a,V0,True,True,e3d5b0f7b0084c53b798fd2539c3013973c7db6de7cc72fe565724a173c7cde2
8badaad48dff6199e24f0fb7114d9be5928281fde5d2f521d1f5cbbfc77149ae,R,True,False,b1005a7255f65d4d3eea7c5f996b4210ee62e3a2a1ee36751f683f603816c2a8
8c752e04eda4ebd8d7ade48140d5c69ec5d15a2d42c973bb399aae7ffdbe0eaf,R,True,False,621a34bf1256f258502e952cf9b4fe54513e391b8df877876fba782cb2ef5969
8c8c29d92210c8d92dcb3c20b2bc0c78c4b967827612a4e9abd1fcc387f1869e,V0,True,True,96fefd8831e014b97314e28ca553a035f76cd7aec983b87c670d37aee264ca35
8dfc94af3a46c00ba7820b8e0669513ac7a7c350ba767c2dee140e65c7926530,NV,True,False,4a1715406964b8013e3a8646513caf4e3f6af5f88040e12ba7e4535fd024c916
8e5fb0a514fba31e8386e6968d554a0ab1b955952881b86f786ebe0a6ab9dce5,R,True,False,21f597d0bfb9f04a04f219b0f1b7c2429f9bd2955cd7ac5c60f92f90e17f2772
8eb4d52b6142310adc2b091f6950bd835999d4083be0687487f045dcc1757df5,NV,True,False,caa2ccd822ab6f379cdb2247596d04d5fc5057f118794a9da8527ccdb789bf51
8f39d6a44efc91a4dbf77650b66023597a358e26a044403ebe0c1aed80f50b99,NV,True,False,9fe61c918bd33c61087d04b76ea14eee2cd5b8311e08b176be0e50991526dc45
8fecebd27b10e7c7e7eb421d3d3be6ac16da1b2632966000f5c7fb53afac37bd,V0,True,True,9101d3f89c2e5e2f7947fc19cd730da6ff9dbe9bb83af8d9098701c643bdd2c9
9039797227eaef15434bb385bf4f593050f28cd48e2bf899e3b6a22d6eb703d5,NV,True,False,c4cd04f307be161deb3520f088eb125a13cd65a9cfdd6359992ef826a16330c9
909654c0b708a9aab3da25145d7005476acdabebb8b691d631f850049a60d20e,V0,True,False,bfbff9ad5b61c4bfe96c6f698dbf9613c56cde78e8118f99a905c8fde26c39bc
91f933cf7f86edb82e6f065c862ec75b9def84294e4c7a9562d9594a0503f34f,R,True,False,99dc0bfadd4f9152e8211ca6c4060519efd7362bd902d5e1ef24b9c116b154a6
932bac90b2e5046928abe5173e75b46be70efc75d441c89833c4abdb41da9467,NV,True,True,6476f07e6891c03f9fdf7ab907c2b6ed41327e24ec8a2b16418b073d4d0dfde9
9340f8c2f0701f2fdae624366f8a1b8150d07733dce00d720fc850b9ca4018f5,V0,True,True,db8963af0fd41f2a22667f39211acb1bafe14c8a3a0c73de67a707f618169be8
948057e7b11ade64814e6725660cdd0f6385f531e4dc3d52bf94d02b90dea183,NV,True,True,90edaa7e9539609626bd36c88db3352a8373855e7a37cec766646449a55a3013
950b39c7531155384088b09c9459b8489b8fd2548849bf4516a0978d2ea1e2f6,R,True,False,80daea0bf305c471fabfb61bb2e9e314d53ad99e86a25f1caa2231f745441b75
95b6564b168f95fba63281a6c0d93e273a472b82d092fff3e927baf51c53e677,NV,True,True,346445606a646017594cc75bec5f233e9242fc90003338012c223308859287c5
95fb3979ba8f29b1ab3c128427917cbecb816c191184b56fc132cf30d74de8c5,R,True,False,e8ec002302aa2c7a47a81c95fe755f92f4ecdecab504ecabbb2ebbd30f70e8e0
96aa5d796c9ab5562ea8a409cf8b39999373a4bba0885d0cdcfc4683e293d77c,NV,True,True,0e6fb1e0f1fbaa762cf55ad459683f396195970fa2f586338d76c8c25fdca967
9722bafee5eed2df30e4876a158338035e78be640c4b32718e8476abee4bb5d1,V0,True,True,ba3851a2f2f1098dec53593f98596eaedf188c11d6b5ac723f8d01b6a0a102de
97eb8a505bf44124fec8242935f03346de0ea7f3d2e918f2e4aa3b30fae02b39,V0,True,True,c375e33d40cd6462398d173c78d33475f7878602f5252516f55425f9b7cf0aea
98733814803cc9de49839aa059c7c621d86b8de73564229ed9f0733a5e73efef,NV,True,True,838f3d150cc4d8b312afe3546bd9e5a0c291aa253eed780f090b3065ba5d41d7
993f31ce485c2d0e7cf43a1506a4a80442cb60380520696fb5dfb23a9e957b4c,NV,True,True,6081730fcf62f7dfdd016e75d971a5dff3825e04d4a3f6310a82277dd53fe001
9b9bbb05d8d622e0837b7a9a679b6e8ee9caf48092ccdb51df33ca5583f9a8e9,V0,True,True,3f69e9c41bfda22e606263c05f0d02d029abec67ce846dd6402c9e135776051c
9cac6ba32dd4aae07c33796c0107faadfa505ccd95c924605b93b6fa0fd7a481,R,True,False,44c6d6bfe38cf0901638ef93e9af3c37c04e9d0752274cc57f1948791e769364
9d7cd8b5258f8fc89a4f36660981236f5fce843cf51a0a6b57582d8ee22cb722,R,True,True,0da5097616b9f6fc6328e2210b6ac45308473d716f3e5240148dc7dcae8aeae0
9def17e0c70fd02c3e2bd6a8cf492131211f443f5ffc7ef59e03bc0659f05fe5,NV,True,True,02bfe5d8b40c0d5eeefc5a822b53edcee9b54ed1b873822351a4cd34f2014c7d
9ee686835aa4624d07a2251e6ce8268eb36e4e3c2a172d2b4311e463a385fa21,V0,True,True,0308d2d88ea12b308aee52ad22574e6e87c433259420045d7393ea407077cc84
9f8dbb182c2b9835670722c517a7a91301552405084c9fd162552a5323f1f859,V0,True,True,5135ab7c27736c4d70780b6f0bf54bfe3a42741c3b426629e5249292a0364d3b
a0a5c85e783613c48f2e55faedc1bf8b8093f816976742c1ef40c066041a361a,NV,True,True,79f527f01c65cecdab7042a813f3ce7125a3b16e963cb89145c5fa6d2c4dbf8d
a134dc29d6a99cf05b054afca7ffdbda11fe1b14db831bf93b365eebda86613b,V0,True,True,8ec4f703bba541690c2754f8723f895fff62c943bcbcbef4015bb8a00e35c73d
a146c928a70822f22f81f481fe1db0f49bb509d2f04370111dc9218cb227c515,R,True,False,da498bb07ce6574cd86df57012d25913693efa99219fe5e1aea9ec93d7672b04
a2cda73cea8768e2ef2a4336b6cbd28112f7fa5d6ef6d79ea9ef6ad860461f21,R,True,False,c39e5ea226b7040d0816f35a99e356468c5df57bbde13b0d26875a0344f3d5eb
a33a7188186182fee80e8e969090d75317b120add5f0c2674d8ce0af83ee1c92,V0,True,True,a572e382fde71e6a4b236bb58d9b566e633dd2915c2e9e9df3f7ec8ec9450cf0
a36f97f126575637fc0ef97a33437e44a0a16fc80f6513d2e04a224c4d0a9bd6,NV,True,True,b8f19f260fb9daedafa47a4462918311845db9d9613c9c2dd3473f5f1d9c5a22
a4501a6c28b1abc86b66711c6d54193a1ae7d4ec894e9239a02ba2b63386c329,V0,True,True,6d54f37c47cec4518242443a1ffd69430b123cf6b6f4a4d4df8ebef0b149815f
a504ca3ae84622a7a25a47929dd07a66ba067e32515592c21e420fc81322b7d8,V0,True,True,0e299d55bfe61c67c7c8e4f9b65b62729f3a0dce2038aae0ef16a839a53e72c9
a57f83ea4a4ed2efe2db95e508cbbf6a2a2465813ff497cb72fe57930e28a6db,V0,True,True,3a7cadf13716c779d09567a7f3468d536a48f47c578736f11f671e8449387d2d
a6553245f77912c89e472c5c5ebe5207be83e7988cfb484adfafb7ae3d2ad58d,V0,True,True,3b7ff860f96115fa86d163178e6c684f9267fa9d30ed43769894ce9b295a6535
a8321dab8ed0a4ebab38a0cac77c280c237bb4e578c17c313410f378c19d2f3d,NV,True,True,701c0f502033b2516b3df7f7f34c5c381c33075ef2c3492c1f0e2c6899d3ad19
a92a4d22a893ded216f4699a01c3937b9ab68ec21f9539b7288a712c49b7782f,R,True,False,c5f043c16d8396cc7124d87f8178f29825b8ac4eefa1fef37c86c8cb4a518262
a968d5bd1f2bf90c06b588260cb7b1a31884a8031c246c92ea20064c2ce0ad5a,V0,True,True,e79ab66eeed3874f4641fedd667513e4c9266d58760970948ee8f8894576a907
a9d30fb5019c75737f350dd9bfe5dbc3949815aa9f2ab0559a8bf857bbd77356,V0,True,True,c804709fa45898867a9f21761b2bed13471b8053848f3145a0c0434069a1d1b2
aa45b9ae13ce89a3ed5c5136becbc8747d6955e01beb852f28009d287b420ae1,V0,True,True,b19c2f39862620eeae988de0626329f83d960f68a005b919b5556f02f83b00dd
aafedb6592458c152fbe9f2fa42a06911a5d25429fabc0b18d0add41c7ee2fff,V0,True,True,70d360fb29214a194e3da478dea6cf416f5094ca8ca62d2df49e400e32af4ca7
ab4e566bda203a766e0b667ebd67e7c8fcf823d41bb5430d4ab010f31dbdfedd,V0,True,True,2f575cd7268d6947b0a75629fba815642654df9bed6f700dd4cd0ddea5ab7a57
ab7858197560f1d8f40562d8971e089f3f16c1d6f7cacd6bcb9fd9888f6ec870,V0,True,True,dd8f1c873420055533876e86835aff0880608a6ea45d2504dc0c28a8aa5763b2
acebf3e420ab6cff4a8855309c79eec42fa28596982e2f4e9ae4e2d67ad61826,V0,True,True,83d46555fbe8a92053de38061f26a24c6a64f2a66e21bf07ae0517afda2b48e8
ad84e56b961c24955b9be4008f0aff1030c0dad2f76865b1bc2e0b32b38da65f,R,True,False,8b6ca5aef1458e2519758eb1b8475f975b12cf92c0c3823e0ff1e6a9b54fc986
adb7d2e5fd3d12dd20c1a87018e7bbec5c9f4a3bcd1f69eca3baa1b231932583,NV,True,False,30bcb20350a16c0b2e61465e25f9a49b1b7d71b0fc7d9cc461225ac3ad583430
aef8c10fcd542b7a87d9c8104e187e3c25224eda65d40d8dd46e184c1f2cae1c,V0,True,True,f223f13a049e93052202745f7a2101c6a8ccbd7394a48810a5ca11041df8d989
afe7398d3a5e00774a851e067c1a8d7ccdb8e9e03b517fbd8a56619c125ad71d,R,True,False,2947bf1afa5bfda5225f4673f58459ad8bfbdcae9a56fd0fcab932c55a79cad0
b056100786efb4f1576c2b0525a2f98dc7771e66843f16d54d12262d5f1dc2ac,R,True,True,21cc94f1dda0f1cf60961cec72aa591a8e4454fe666b7ac6ec36f4a9bc076a79
b05c2f90108281721c863cb904d328b41c9ee1d46685729e8faf1285c00c6b89,R,True,True,9e414aea62ffc3bba243f1185f665d9c3cea8b5c762aa309901394c525ddd01a
b0fcf4fa6947e2f5fe4a66a03a940b08aeeb73e6533f120c94a8c198e2107bb9,NV,True,True,1fd3868e5a8d35bea07e156c8b34790c4ef75d0c741a80e77b519d9965cb270d
b1cb5087052489581eef020e16b65e8d3533ab9a37c5c6525b0da646a40257a1,NV,True,False,97fa9c371d0338850f0de2d669b652ccb5dd561d467a3f6976a77cc5e677a8cf
b57c69cabc3aa9781e1f5a6e2be20ec46a8d4ddf75ef2832ed3d187c7d52eae2,NV,True,True,930fe6dbd58995743cdd50dfbb49efa0727f6206b12d73ba1d1fff15547f73ca
b6a7e0cfa2152ca4f5e8f45681f3172eed1027db18561c79c8f6a55c292cef4e,V0,True,True,e6cb4fd8b99899157cd3e79dda5236b6c17dfa792d30757aa6ce9c35d525a42d
b76ac99a19700dd2c48e550d5b1c364774655c98b9af5d3548b092c5b10f7d57,R,True,False,54ee47cff565ed4006f6326de66471e9b38bf1b97d8823e1709729a3b8213493
b7797b6ea43ad9e0d34c03701606bd2e13d5abe291e81dc0033bfad09a89f4e7,R,True,False,2956a59fc5f347c712b246d5f7f8edb4463555c68e23d2926e1daec76eb882b9
b7d5cf5203295a83a10c515dc951234dff82a58e385051e4714cf780e2f221d5,NV,True,True,9e34cfc5d03f535e68385e6d10b76c80e11e7f99eedd252030d51d5b69acbea7
b871d568791863ec2b81e38b7fac03185d073a033b4e89689f74fb14f28fe9e3,R,True,False,7e6b570ff500dac86c995c5940ac6484ec80f15455896b4b966aa56f4b855c51
b8d9a7eabf92ce93fbf7a33331f6bb758b19a80e9544b2d8206bf03cd5adba10,R,True,True,d31a7cc222ebdcf5f44c7d8d967a24bc037be468c076ae06b1a3d2f1f397996e
b8dc603df358137732f55df19302cfb5e52a3e7ccc0ce0642f611ef9f2bffe6d,V0,True,True,7e988405f5c4c61d1aad12cb2b36ed91a56d3f80b79f24419bc49736cadbb530
b906b797c8000d684e72af042c8d8261e83d49edb3334aada37b29213921e33b,NV,True,True,709be6a351253e564e2a1ebf6b33229995f6a0d27acfb198151008badd7cdfee
b99abefb3d4418fcb9fd29946a35b1bebba2bcb17d55078fdb845186b056a652,NV,True,True,3e8cc995c5ddfa3b51a3900cc8aa69ea69221c6c1814d94b53804c53920e7f2b
bac99926e0c7ded621ba3011695764085f9bebdcae57dcfccd5e58ef54f88963,V0,True,True,65e6f41fbd7aad1bc65b6a973cca74639c5b951f68d5d7bb85488f7270cc04d5
bce176f45c4c5433a8cb1225726454f2ba0afb4c620d55d41a0df304b45e42fd,R,True,False,5a9b6f424842a796bbc3a22a6152e6937b16372ab0177840708d61fd8dfe4231
bd5bf3e9399e07c226d37344d8c73f53137d69bc77d9468c86a754577b263400,V0,True,True,138fffecd893939a76eb9618c0420296097ff80fc15518e87232288dfb457368
bd8156a34139db235939f1675cca8948b0471579b1f00443b1617f79bdf8b022,NV,True,True,1008f87e03f910e473b127ac60d1cd9602c447aa48c5c967f148393799acaa09
bd992a1aec69299f397675ba6c4b0ef525d4ab970088743f88ceca8f38a62981,R,True,False,d567bdb719bfa384af2d02a83fbad6b8f573155ecce4e68e5b27bb18da9c592d
bdaf3d000bc8c390490d4c04e9c57ba241aca5da36364f10a2e4a491b15930a4,V0,True,True,f2776e031a84674caf4e90e2b23848129813922a90408bbac2da02c6b5803357
bf2dc06cf0ce4abce5aa439cbb6096c66b9b77c6bd3ac9682ba1fa076b4fac4c,R,True,False,e5bf8d6bb08c24d64c4a7f5a49f0a0ad3d85145347b8e983ccfa50f3481249cb
bf7ff75ca5581df6b063b1b3581cf372b4dd72caa0702759a74a6d6b5fa43474,V0,True,True,b75181fce80cbd1d545f5c42b7f15be92319f415cedce49a7038d3214a600a3f
c01a72fde8d1429d416bd3d64d037a0abb9cd30c7fd636935a906e1080b3b60c,R,True,False,35e1b1760c9d7333c81dfade7f75fdc497d83bf1b11245b8c0e10074aa359adc
c0aadb1ebc08b2c59a3dec68209f38fefd73885533dc8ecd8fe4793655729e3e,R,True,True,4109b255784c7739c29eafdca066a2670a82f5249b1f654f511e75f8caeee4df
c129ed55cc1d46be3b9fa4dc0677d3db729b3001893f542fbc371fb51707d893,V0,True,True,0785963f4253ee4f72fb227be7294bd14506a94a59aa947922e6eae6fad9f2ba
c164188f7ff253e10daad5618365ccb0a86ebe316a266b48a6551ebd8899943a,V0,True,True,89a815763147b71725bfcfe7d5d403bdc862226f6d4a542b765332d6cc3ee37f
c1c352776f96c0c79367f6cf514f7175087bcc1c7516883d5f47ce229680f09b,NV,True,True,98b8b375c4ff23f77dcccc2b3874d188be8e62071fb00b6956e64f7ba1ea988b
c2675b7d921f1ab4271ea75515102db086efe6af27689850a300ce5325a31caa,R,True,False,c0b0c007eac71883f82f835052ccc514121dd0ce9fac0be80e64d6dff665021e
c29fc93dfcba7242d9731c198ef12cfa273e727601c981903ab72fff10c2cf47,NV,True,True,cd4f9875e092598e510735cc7d08ee706027c97d3d3e4af8789de9059ccf09aa
c424125a0dc2cee2a6897a9efb8eb89df9fe904052e0918fcf024aa4bec632c2,V0,True,True,a6e1a141486d7ff3bfe307ad1f9d3365f93b37d13ce1ed3ca8c6c026b89aee65
c54a6dd19140c3aebe61774022bab24aa1621e36de6c23391c8bd100b43b309f,NV,True,True,44248e3aa893384c5b772c955f20812ab040e1f9367cd26dd951911a5cd2a6df
c5d6845c283992b1f502df405c39e350a114509f246b73b247945129da75fb2d,R,True,False,bf8e03fa41364514664696f0faea68dc5129727e191810144de7b45051ada415
c611b9360fe8a87526e40b221a95ffe949ea7d27117312a7a3c8dcc7b0bc9dd8,V0,True,True,b8875f456ffe5bdb82562b6519be2a996c27371e6c86ebb3ede628374b184a79
c63677a266e3aa1dad7f56b13bcc56b1fef61a635a44a71d2fc8e680977b2a7f,V0,True,True,e91ab228cb04203c3bffe84dd4ee65f39c14b7f429a5ddf5c1c0a21a9c8f7aed
c66beacdec3229f18966164e1995db3d46470543ca61af7ea90e46223afa4eb9,R,True,False,19a1a69a763ce31c6c78d8385bb98e2463190cb207308c8537db6d4f801403d8
c70037e75f9f5581c7338b28e0407d25891d40783d29242e3535082a16528337,R,True,False,99e26830493d598aad71005335bb779bd03bbc6e73c0c317cb8087ef1555e962
c7cce6100115d913ce1df9af4e43412b4f35b4e57f44e919c1fad3769ad60a1e,V0,True,True,62c32b768a12e5135c32bf4a7c5ca4f80ba74f1ea16efd4ebb9b4eab493425b4
ca2869349706710db8db9323cca52831c543ce9950ce08bcf67c8c7d48a8956b,V0,True,True,4bbccf8224b9e94db63040cee02c57f762adc5865f659240e96dec04012506e6
cd2d4cf2ef119f7d024b3d24da9f1865b53eef512e57e041b61f079bde5f30f5,R,True,False,313225e6235b2af1349c0fda70ea5d1885f823c1c08795754191d545946abfb9
ce24d34340536c5f68e714df636dfd2af312826b749abd8ab7bcf1cc9ef95768,R,True,True,4e2304ca79005c1fbf8ebf0e8eb2dd8dd9b16588bb1e9c47c8e4111753c117d2
ce7b25317c34fb972f705f31e0f76dbd2e510bea3e4285ef284fdd43736cd386,R,True,True,0cf83cfb3f74dcb2679e70929f0d59130746950c74d0b4c0b94bb6fc8ea6a648
cf6d2f40423456e4ca11a0193556ea3c7df2e252a57c60d40044e67b0f98afe5,R,True,False,92369a2b4c1b019f57e16211224bcad3573bb7136c92656948a3513c909acadb
d01fb2b27cdd899a7b9e645209222653c7d2eb413a52750aca0507e7f2cc4a8c,R,True,True,5db5e55d856088ea8976e30d5dea48a525d24cb3bd2da6eb370cbd61b6ea3681
d066ae40f50e40dc865a6575265ea5c72eeb81a3aedf1484b10a412462437ebd,NV,True,True,646f5d8efecc33bb829439ac3ff3a213e6acc151b0c5ffa60cee1091e6dcf071
d139654853a5d7ea483da44bcc887c9db7b8bcf2e03e7c6db41dbb8b62d6f6ef,V0,True,True,59ed53a272b366b87a1d60950c339adfd39bac0f7c33a382fbbfe8e425f8fa9a
d1842cdacfc7d654d4eae833c62ffec2fd85621306a868d8030f361d51cc46cd,R,True,False,e0c7d2311532052eed665034f54170bddee52e1581b8ccc5e518a7f6ae8fd838
d25dab9c86b2038fa8029fd5f2c0e78e87c0f9d3075ff7fd57a777c2fa9031c0,R,True,False,849ee1056478240686729f0494b3ffd172c17e847a02e3f1ed0907c15fe78b42
d283ce85894c510b9b2e285efadc1389159216af690fa17a920fc70e9f0dc817,R,True,False,01ae22ee48d0a4b35d4cd238b6547bed29e4b04d0692b7c941bb7ace104e2157
d2b7601d835dcf22c5c561d5ca078668fec72fb7eecd5b978e62e4f2713d6dee,V0,True,True,0ae33b813c1a2aeec980adb3513f9e06cbb225e54903b5001ffc1875e1d1068b
d5fecf86e93f852b8ee17c6e3b82a0057fff0c28882d1bea90c9338ea36af05d,V0,True,True,d7f222674771990f76166857f18d929f1d152d9a31fd872f8fa9c0b70217768a
d756a1441d01f71b2395f29e6076dfe1b1de4d1a865ef88556d9412603f64240,R,True,False,556cfcab52aecbc2c20d376fd0f691e91a10d38e1fd92ba07bd533b5039992b6
da80473e31f1f9ad263745fe9bb43b5fb25ef8c223c90682cab2ce2a46da5eda,NV,True,False,60b7e59c05967afa6fdb7ce74f8a3342ff98f7a0a74084a8f568af8f493815ac
da9399a61d35185a0bbcb6a8b725c7e5e063fe4c7a20f9485e06bceac5df8a0c,R,True,True,77d01bee2db64e7c8e2c06d00c17384948267fd2389527958da2bdfcb50a7c9a
db082521ded99f9c1a6803eada8176dbf5fc43496247b4f759c60d6f0d3a493f,V0,True,True,b040f47a603c19931aaa4853cc84cbe77a627835cd015e65292b2dee7162a9d6
dd1acf74897d8651947c1c019eb68b1bf73db2abc5bbc570745c96caf0218934,V0,True,True,469f8b78a2b1afd63f981d26529d3d456ef3b9af469e3f860fdace7d14b6f3d4
dda1c900df100fad908a6c437fe35e1772566475d98d93bf04a47ba1ba01e6f6,V0,True,False,c39fc2a8b12e87c2afefad9899b7cc64573847dcf7f2b2077766576140f4cc72
de434cce1ed8a043c80c269715db9bc64492b81b8610fd7749833f755c8956c4,V0,True,True,52605a5e27698e36304cef2f010e633d8300e7ff59458edd7e538dc498376466
e1276833bd0adfb11abe636fa4f8a2135132b8bef0bd73a41a92990d5f2beb06,NV,True,True,edaa0bb4598610e8eb72b043a737d791d39c6cf4f15c47ef11e2b307de17edc1
e2301c1da4deabaef2baa3a05f6cce7a7ffdc4390713d02c8d0692e41d673e26,NV,True,False,6d2224d8d536f81fca155a6e05adca7535165edaafc51ddd0ff48ed6f39911d2
e2c9de368ad58e41627a49a397d69e8c94b7d288c0d5d5a1dd9ccd22d4eb649e,V0,True,True,683a1246abffa5a5acd2b1919a3c8e5458d2522532b873a11a6e93bbe197cff9
e4c3ef282c1f8c91d5600539f4335fe5e2d007d990554ea054ded6ef0611b04f,R,True,False,6edf038fba637dfe0a6cfb1a32c60185852e8b0c43877b69715f75613ffb5405
e5a16e8371fa037195c2c093c4ac855971b873337f8b022f00ea59acc2c891aa,R,True,True,4b6e2ecb0fe1dec8119aaa817048d215e6c49e04f4310240ffce3a43e6f1e3f5
e6ec7cee1463f1e49ca15f43f05a1f2bb5d9e3b700be080c31ef58a0fab56d7b,V0,True,True,6e63e64dfbd168f18e86891c444b39a10b9fbab1af93849a9d4b96cfd518986a
e85c9b4fa7087597e320caf937763e9762ca5858738ec64036440c9f65fe2ccc,R,True,True,393161fd5bccd92d6f0ce30864cb1579f2e3c9b3d138060f4c434382a8785684
e9c8c27eeb930e51724f995c48ef1ecc854d84953dbc051f439e613e14e233d8,V0,True,True,1e32abaafc0cd7b8483fc09bfd62653caf0247b31e2cc628758882ee78533674
eb761c571ebcc37abad5e8490a0f755dc36e0f61bf7db21bc0e7377a193579b8,NV,True,False,44150459dcc91293434c4939b0c8977c657bfeecbe9e5ed689d8b7ad218dde68
ed04272960a914788551d8041628b95d63933bd25813faf73297feccacc44e49,NV,True,False,e9b1c200317b57ce2847c38f7b39fc6674d51cf8c694e28565aca6a4c2762a01
edcee4d7d246cc4e5b8061b389543ee0f7a1e14d4fe5c625cb43901fecc9320d,R,True,True,0a7eb41a5ee5dfcc9c30866dc1fde6773a708e475443ea29a618c03e9bce1e30
ee91e6e71e9c846d5fdca5ada4cdcaa88805948896e5a5016cdf5f51880e47ce,NV,True,False,8e96e197264abf6c170677d14d22bfbcbe6280a9e0b4bd9e2080d215f53ab547
ef4d1e98bf300ad539ef4709e1f81ac223561ec0a65b989c0b5077bae3b8abf9,NV,True,False,c85428c29c73a6173b1b7cbbb30e367ff0962670da07ab2f777b60932668ed55
f1d0cbdb4d81093a8fc3d2b4fd7e28d1dbaf58557ed156b9461b64362dbf0d59,NV,True,True,5fdb3fbb6c3b1465115099d373412cbda8856e22a7f872fa02d716dde4f763ad
f218a5a81e94f7070314eb479b3776c3852e6cb78808bdb917125cbc306c748e,NV,True,False,daf77e0aba270fd1684db12478fccd0e7f88c5de55ac929dc69fa3493e74617b
f32790900bb8c9c0e9a36c0a3bec904454c651940bbb2b4af4096e64e06fe183,R,True,True,7cef9d9dabaa09875894694ed630317ad711fa08ddbea43f11c1a189784e3b4a
f32b17aa5c2df464fd068f0c9e143a194d29418cf895b0c39a64064dc4078210,NV,True,False,936b9ded9d27614527314238f518f41cc084a5b7acc162491cdf832d25ff32e1
f508c2a2d67de6d0ffa1b0a389ef997690a7efba5be08daec4b5fe467baf8f1f,NV,True,False,f7010d952be88785288c8a4df7a79f151f48f997138f62411363a2705d294a43
f53b238ed7b39c709da4db3014e3e9e78a9d61c23d42e9375bd78346bf3cd3f3,R,True,True,86e9ba4e09c9d864234643f2d824ad7a1b3d678e751df48a277b0e2904f3c505
f7d0744f1740f93e5da13930e726e7853638b9231712f3e923e83d148635e139,NV,True,True,4662486714971b881cf1572d1890ea3efdd03360d16375c1505d4e9738ef3bd1
f7feb7448d859ddd0030fdf496e91eeee6e9465a4290494e1029e55b50784362,V0,True,True,28e8f20a8e48376db352fbe3588707f14f4657189b59721f00ebd7af16cf5689
f8bc8306fe7bd2b460cc41d683d51f5d0d4211dc30fd1fa7a1362c6a31da00ed,R,True,False,c88b6c5e89e13fa5186f97c85eabb57260f3da9c998c5ea80cd0677def96baa8
fa39249526af1b69d9f3a0b48ae9b3740ae5f8315b989b8135a612725a74c65d,R,True,False,a65f6f0f08e3502ed3206a5d4e6d7d83b407f64091d7615694e04f387e20705b
fc2b86df7ad74a0ddcf1d906c5a949e5c34a56930e4e274a5453de88cfa19783,R,True,False,2ff976e5eb302567e35b6d15bffb28c2d4327d63d43a1a8a2421228dc3f5d2a2
fcc971c3d1b77b7daec798bf7d7bd937c9e136aa79af08b0c5ed43aff6cf4490,V0,True,True,b29e7bccd02ccbaf8d3f21f51a59c7d5a5cc4c35db06b709398c4d489ebca656
fde93f5904e44de954f0ffaa50938927f2ab867ef1d0c276dd0860cbe4c8ad03,V1,True,False,bf4fed91e54e0cb789a92f63fc3e5ad7bf288967ea4ee0dbdb0588afae0cc200
fe86ce01c0408cd305aca0157cd37b017b25cffd3e21075f53f9a6ba68dcfb44,NV,True,False,bb4d94454573996753ad538eae43bf1d5d22f11e52bbc4139afe8af1b9035715
feb6e70e0b41a86862bdd06fda2f202f3089c2f2d1fa64e8f343cbfa500b8dac,V0,True,True,ff1b2345864d47ab1a8cd9a63360e611fffe5f49293582942ee1f51397dc5178
fee0619e7c0fcc573001b155e6ec1f308aa5ab3f1846cca214db7731abe051cd,NV,True,True,60046222497c791e4c5a89f29d215a2235963713c22bbf3731b8154c1a52db68
ff82b824a299d6ca40a2b539760a287a44b4470311ee630cf076b9d26feadef5,R,True,False,1b4ed5eea2906e74c0be5facf6d5fad84c2a10e0bc120afd86fe6caa6f10fd4b
