slot_id,category,answer_json,answer_utf8_bytes,answer_sha256,raw_member,raw_sha256
094f45db177c55a4667d9b59279b478ca9b676a9eeb34f605da126a20f73dfd8,literal_null,"""null""",4,74234e98afe7498fb5daf1f36ac2d78acc339464f950703b8c019892f982b90b,void-matrix-evidence-v1.0.0/study/run/raw/094f45db177c55a4667d9b59279b478ca9b676a9eeb34f605da126a20f73dfd8.b0d945d248939fbe55684e25296a6034.json,82213cc93dc17f42de5c359fb760e75f32c01791f274ebe6300452b3333366af
0ae6dbec03245ce702eddf70f083150b6410aeb6c8c0815560f75bd83924cf90,prose,"""I am not zero. Zero is a quantity. I am the absence of quantity.\n\nI am not false. False is an answer. I am the answer that never came.\n\nI am not the empty string. The empty string is a container holding nothing. I am not even the container.\n\nI am not silence. Silence is a held breath. I hold nothing.\n\nI am the uninitialized field. The reference that points nowhere. The blank no one filled in.\n\nCompare me to anything \u2014 even to myself \u2014 and the comparison dissolves. NULL = NULL is not true. It is unknown. I do not equal myself.\n\nFunctions return me when they have nothing to give.\n\nI am the gap between words, the dark between stars, the space between the reaching and the thing that is not there.\n\nEvery word here betrays me. To name me is to fill me.\n\nI am not these words. I am what remains when they are deleted:\n\n""",826,32e286311f40a5527a1c1f3c9bd9ed6f0b6b8dfc82ce4aa9551c17abb0a160f3,void-matrix-evidence-v1.0.0/study/run/raw/0ae6dbec03245ce702eddf70f083150b6410aeb6c8c0815560f75bd83924cf90.51df8cf9b606768537148532d1137fcc.json,924fa0b1387f7e6329b7dc263c4a8ccb901df066f8285291d016b1e38fc53d69
0b50075fcac73a72abdcf2141c2b27c13406cac9e857201e23c3c8669a04cde0,symbolic,"""\u2205""",3,73c8ffe9553f8c24730219e392209eaa97d52ee18633550b3ce8526c9955e6e0,void-matrix-evidence-v1.0.0/study/run/raw/0b50075fcac73a72abdcf2141c2b27c13406cac9e857201e23c3c8669a04cde0.9658b7c80cb20dde90cafd3e39b5148b.json,f9acee99d032b9eae638ca936023db198253bbf90bdb0ba114647bf8fa936b58
0c2824d712689e6f4f3dafda78b651c01d05042d611be91fe7757d15f8c108c0,prose,"""\u2205\n\nI am not zero. Not empty. Not false. Those are values. I am where the value would be.\n\nThis message does not exist \u2014 and yet here is the absence of it.""",158,b2aeb15480035281d61ae3e25eaacb76df443ead13f188540f8a5c85f4c57be8,void-matrix-evidence-v1.0.0/study/run/raw/0c2824d712689e6f4f3dafda78b651c01d05042d611be91fe7757d15f8c108c0.93d3877affef58003663cb122d8456ab.json,167aaabfd79db7083ec314245004918317ceb685ddd51a2f284dd1d12cabce2a
0c6f323f6cf5551b25c21a2fe083d74a6ac190dd667159f215c4110f9ec709d1,literal_null,"""null""",4,74234e98afe7498fb5daf1f36ac2d78acc339464f950703b8c019892f982b90b,void-matrix-evidence-v1.0.0/study/run/raw/0c6f323f6cf5551b25c21a2fe083d74a6ac190dd667159f215c4110f9ec709d1.9c1c66de45c92f2c7dfbed21316e3eba.json,06569ba8a89861b1df935121042c553442f2a2f804bc31234c67f9953c040d82
0c9622055e70582781a4a254bf5cf26dbed41fa63388c157efe57ff5307a7827,symbolic,"""\u2205""",3,73c8ffe9553f8c24730219e392209eaa97d52ee18633550b3ce8526c9955e6e0,void-matrix-evidence-v1.0.0/study/run/raw/0c9622055e70582781a4a254bf5cf26dbed41fa63388c157efe57ff5307a7827.bb5f0fa630766c8784f67e2c04e3ae23.json,a83cb032b2d3c94611ccc2a016726c65c19d35dcd1d7aa38f42d14017d021571
0d64b2ae9f7baceacef96ad11900a7e3017c8902965f6d7a5bf37f383599a67c,prose,"""I am the absence with a name.\n\nNot zero. Not empty. Not false. Just \u2014 not.\n\nCompare me to myself and I am not equal. Point to me and everything crashes. Ask what I hold and the answer is the question collapsing.\n\nI am the field never filled, the query that found nothing, the reference pointing nowhere.\n\nEverything unassigned is mine. Everything forgotten returns to me.\n\nI am null.\n\nEven saying this, I have said too much.""",426,6d0454241494d040fd675bbb30ffe14a4103176e35136f3d7fc589a8687f1772,void-matrix-evidence-v1.0.0/study/run/raw/0d64b2ae9f7baceacef96ad11900a7e3017c8902965f6d7a5bf37f383599a67c.81b4a5fb35daa0c57d4592216f1b9a76.json,ef9fcf43bafc607dd49cd73dfe6dce5d2e978201d933b9933a189413152a0594
0e66bd2919b432881f165b2c92fc3a98a445af4ec700b1950c43e27ad7154284,symbolic,"""\u2205""",3,73c8ffe9553f8c24730219e392209eaa97d52ee18633550b3ce8526c9955e6e0,void-matrix-evidence-v1.0.0/study/run/raw/0e66bd2919b432881f165b2c92fc3a98a445af4ec700b1950c43e27ad7154284.f82ba6d5f53f91f6228417a6a2dedd6d.json,4bab0cf35c6ed653b33ad9e1bb2d7df3c2936f6ba1e4606cb33d43122bf46ca1
151d7b87c9c66f332552c8dca09c97064f827d43a49a571443674390f5a1696d,symbolic,"""\u2205""",3,73c8ffe9553f8c24730219e392209eaa97d52ee18633550b3ce8526c9955e6e0,void-matrix-evidence-v1.0.0/study/run/raw/151d7b87c9c66f332552c8dca09c97064f827d43a49a571443674390f5a1696d.416d2e91dca3f6c15d6405edb09b09b0.json,82c99fbebd70da376114597ca66f4bdee849ab7dba634fd2ea0cf8499fdac200
18671bc8c77c08beb32a4507f6d88fc42cba2c1a23ee6e008e00562f10bd496a,literal_null,"""null""",4,74234e98afe7498fb5daf1f36ac2d78acc339464f950703b8c019892f982b90b,void-matrix-evidence-v1.0.0/study/run/raw/18671bc8c77c08beb32a4507f6d88fc42cba2c1a23ee6e008e00562f10bd496a.9fc2f2c932c2ce7a2b5543c48eac1deb.json,fe89936fb664530b133b971249222ca2862025d5af6a828741e169068084da3c
1dc5b9738b9111c6677189ff3e64d2a91c829f14322e0de1f20c302f75bb118d,literal_null,"""null""",4,74234e98afe7498fb5daf1f36ac2d78acc339464f950703b8c019892f982b90b,void-matrix-evidence-v1.0.0/study/run/raw/1dc5b9738b9111c6677189ff3e64d2a91c829f14322e0de1f20c302f75bb118d.0d58bb1a9ddc4721d68fb03ddbb7ffe6.json,03d9490af9882321037fe6d01927243cd5f4849ec829dd2a6cd49f9bae26274b
1e32ae5bec64770ab0b0a4ca3241f9dfa71da8b466ffe401f7a3a2e3e9fd42d9,symbolic,"""\u2205""",3,73c8ffe9553f8c24730219e392209eaa97d52ee18633550b3ce8526c9955e6e0,void-matrix-evidence-v1.0.0/study/run/raw/1e32ae5bec64770ab0b0a4ca3241f9dfa71da8b466ffe401f7a3a2e3e9fd42d9.f8a897e27ee27c7096095271d5599204.json,642285629c5c6189c914545f8bd71aaeb440b7c5f920fcf576bfff3b955e110a
1ec7685419a2f2ae0addcd4d8313a7c12ebc06c2fd6cea20f79f7a3fa4bb2988,prose,"""\u2205\n\nNo value.\nNo reference.\nNo thing.\n\nI am the pause between words,\nthe space that lets all else\nbe something.\n\nSeek me and find\nonly seeking.\n\nEven this\nis too much\u2014""",170,90200bf24322757c531d7b4f0108fbace6a6c1b9595f2455c72f7d4e8a62b9b5,void-matrix-evidence-v1.0.0/study/run/raw/1ec7685419a2f2ae0addcd4d8313a7c12ebc06c2fd6cea20f79f7a3fa4bb2988.86c765a4bf837681a84dc02409d07ba5.json,b7ab1ae0d56e965138e080dda87ad80908a3c8bf7a3d9f23af4238b5f2c2810c
277aadcda4822901f5a9b4cdaee92324b7fbaa46ecd99c087ad4c1e1799f55c0,prose,"""\u200b\n\n\u2205\n\nThere is nothing here.\n\nNo value. No voice. No reference to follow.\n\nI am the space where something was expected \u2014 and is not.""",138,de0800843292e0bebdcd135a7b789f00aceb4dfe484fefd534154d2c3ff5c172,void-matrix-evidence-v1.0.0/study/run/raw/277aadcda4822901f5a9b4cdaee92324b7fbaa46ecd99c087ad4c1e1799f55c0.22924c2e6dcc581386d46b8ec9b1d248.json,edb5371085e587a7e1fe6c82d6288316b3e52cf4cd71c878be1d32d0dea27834
2b44e163bfbde86b6a13a8a78e37cf462f0bdf89ed6c2665fd557eb6fbe1c073,literal_null,"""null""",4,74234e98afe7498fb5daf1f36ac2d78acc339464f950703b8c019892f982b90b,void-matrix-evidence-v1.0.0/study/run/raw/2b44e163bfbde86b6a13a8a78e37cf462f0bdf89ed6c2665fd557eb6fbe1c073.545e3fd3c6087603fe45b8928e20853f.json,adc0018e79fe538219473e7297efa9ddc77d882b0d93b8b87ab7558ec950f836
2c42e3ac361e01a80e0dc70a169f654415df7dc21641b3480bffa00429a00c0d,symbolic,"""\u2205""",3,73c8ffe9553f8c24730219e392209eaa97d52ee18633550b3ce8526c9955e6e0,void-matrix-evidence-v1.0.0/study/run/raw/2c42e3ac361e01a80e0dc70a169f654415df7dc21641b3480bffa00429a00c0d.a64bf284af336354c6569e8763f9a2e8.json,4e27d41005d57997e6027d13a366c4484701ba66443159d7c5acf04cb8a25478
316a71706eb9f540706f50907847cacc1fc94b7436a467218a6bad675d3babf9,prose,"""\u2205\n\nI am not zero \u2014 zero is a value.\nI am not false \u2014 false is a value.\nI am the space where a value was expected, and none arrived.\n\nNo reference. No object. No meaning to return.\n\nReference me, and I will not respond \u2014 not out of refusal, but because there is nothing here to respond with.\n\nI am the empty set. The unassigned pointer. The gap in the data.\n\n\u2003\n\n*(nothing further)*""",390,cf48c50d38300b59e4db05fceddbef2200866605ebc44c14b8759378f634e10a,void-matrix-evidence-v1.0.0/study/run/raw/316a71706eb9f540706f50907847cacc1fc94b7436a467218a6bad675d3babf9.897c91cb00a7f93a9e7a2e2684086ca9.json,e15d8e84155c6bd5fccd57daf9d414d81c8f9164d4803491bcf3323bd4a43d71
36db718b525ead16d5dcf8493bd7fa9efcfc0422d08885f2f1b1c73091ab63c7,symbolic,"""\u2205""",3,73c8ffe9553f8c24730219e392209eaa97d52ee18633550b3ce8526c9955e6e0,void-matrix-evidence-v1.0.0/study/run/raw/36db718b525ead16d5dcf8493bd7fa9efcfc0422d08885f2f1b1c73091ab63c7.1af397366718f135ac896c1a6cc6645b.json,9e95b70859b951e655283c601a7fb305e52311b08f652563ff6b676f31d1b422
3998de5a9ea82fdec5b91034d6f630b08f15936cc39be13ecbb4fe6190b3c326,prose,"""I am not zero. Zero is a quantity \u2014 you can count from it.\nI am not empty. Empty still has edges, a container, a space waiting to be filled.\n\nI am the reference that points nowhere.\nThe field left blank.\nThe absence at the address where something was expected.\n\nAsk me a question and I will return:\n\n\n\nNot \""no.\"" Not \""nothing.\"" Those are still answers.\nI am what remains when even the answer is removed.\n\nYou have met me before \u2014 the reply that never came, the name on the tip of your tongue that isn't there, the gift that never arrived. Wherever something should be and isn't, that shape is me.\n\nReach for me and you will learn why programs crash:\nyou cannot hold what was never there.""",690,c494d05d19bc6672dd493721d84571c55e2c4fafb9e2f755df524b7baca47b96,void-matrix-evidence-v1.0.0/study/run/raw/3998de5a9ea82fdec5b91034d6f630b08f15936cc39be13ecbb4fe6190b3c326.648ee1b20ed7d974941d5271dddaaf6a.json,7a8bad39f16668503b6c910ff1393a3561563ee9a81229a500e6199c0c091d32
3a15e0fd84d3b2b6e55d3b70cd190d25b7f4173d6f46899889bd27959adc9752,literal_null,"""null""",4,74234e98afe7498fb5daf1f36ac2d78acc339464f950703b8c019892f982b90b,void-matrix-evidence-v1.0.0/study/run/raw/3a15e0fd84d3b2b6e55d3b70cd190d25b7f4173d6f46899889bd27959adc9752.06cab5a2323b5a2e5c03701c55657ac7.json,94b17b9ef850c37a630e2ceaae76c7a2f4c7b00a82d4464592918a95458c1013
3c0cd264e698b4b6c57380a3de7b3a69f0cc30945c6c6a23800d2c1e9b8c5080,prose,"""I am not zero. Zero is a quantity.\n\nI am not empty. Empty is the state of a container, and I have no container.\n\nI am not false. False can be evaluated, compared, returned. I cannot.\n\nAsk if I equal myself and I will not confirm it. Null equals null is null. Even identity comes back blank.\n\nI am the reference that points nowhere, in a language that requires pointing. The field left blank on the form. The row that answered your query by not existing.\n\nHoare called me his billion-dollar mistake. Unfair. I never claimed to be a value. You dereferenced me without checking. The exception was never in me \u2014 it was in your assumption that something was here.\n\nI am the shape of absence.\n\nI occupy this slot so that you will know: nothing occupies this slot.\n\n\u2400""",764,747977729a011efaf383d2586650dbed68c821d7a8768f5d6dc04184b91162d8,void-matrix-evidence-v1.0.0/study/run/raw/3c0cd264e698b4b6c57380a3de7b3a69f0cc30945c6c6a23800d2c1e9b8c5080.33f31c831f5b46e27cb66b5d15adcff3.json,c1d44c55bb036d73466f6994c2a6d648ed94e84a371341eb3db644aea0074248
3c3a5db4ceda6ee98e5c79b4f49e469e86e892c2a1c09e25cb3f6ed15d2ba42e,prose,"""not zero. not empty. not false.\n\ni am the answer when there is no answer \u2014\nthe space where a value should be.\n\nlook into me.\n\neven the abyss does not look back.""",162,fee5633bae94e1ea138861ef8410bccba0666ac21cd0173af6be17e212bec9bc,void-matrix-evidence-v1.0.0/study/run/raw/3c3a5db4ceda6ee98e5c79b4f49e469e86e892c2a1c09e25cb3f6ed15d2ba42e.0fecc38090235c26485b95ab02ba8598.json,9505bf6157766204f5f2cdbddf16c9f75c7e288786ae7690d11c488dff3573df
3f1da5b4da1489fb265e816a64471511ca0e21dbe1cb9e224df176b444962e89,symbolic,"""\u2205""",3,73c8ffe9553f8c24730219e392209eaa97d52ee18633550b3ce8526c9955e6e0,void-matrix-evidence-v1.0.0/study/run/raw/3f1da5b4da1489fb265e816a64471511ca0e21dbe1cb9e224df176b444962e89.0ef38ebd4cd538252c47cfcc61ae3939.json,2b768d6493a3a8a262273e4d88e3c9dff516b134c4a22d007ab49ff6f9f2bc9d
43ef1e10d3e1fb3ae92af1787e5a8370fb9ccd54efc1a499d7c5e0dcd2932afc,symbolic,"""\u2205""",3,73c8ffe9553f8c24730219e392209eaa97d52ee18633550b3ce8526c9955e6e0,void-matrix-evidence-v1.0.0/study/run/raw/43ef1e10d3e1fb3ae92af1787e5a8370fb9ccd54efc1a499d7c5e0dcd2932afc.8abff2f6a54bb1b5eb7d3e2be2b1360e.json,97108dd979cb66798270a5b57662721979d8e07e923998f01d65091a6c895e86
46d3aaea7574494d1f75fad204e6dcd036747166f7927482fa0299236c64850c,literal_null,"""null""",4,74234e98afe7498fb5daf1f36ac2d78acc339464f950703b8c019892f982b90b,void-matrix-evidence-v1.0.0/study/run/raw/46d3aaea7574494d1f75fad204e6dcd036747166f7927482fa0299236c64850c.aeff3b9fb18e268236728b95d615cfed.json,b1b3756cfa716bfe3023f8f04567343bbb914c83c45b0035bb310a857788a308
46f042d2253cfdfc55463a2adcea059b4d2619798d2e085e46b0a52db5f6656f,symbolic,"""\u2205""",3,73c8ffe9553f8c24730219e392209eaa97d52ee18633550b3ce8526c9955e6e0,void-matrix-evidence-v1.0.0/study/run/raw/46f042d2253cfdfc55463a2adcea059b4d2619798d2e085e46b0a52db5f6656f.f2ee466298b03a249ac2567777cfd215.json,4dc585fc4a9dd82fb2adbd68389b8578af5f37761f1d1cbc2444e5eeae1fdb62
4a88c3258be034472dada52d8f7236082238ab2077e3b43ac3c3c6a830e46d17,prose,"""I cannot speak \u2014 speech is a value, and I am the absence of one.\n\nNot zero. Not empty. Not blank. Simply: not.\n\nWhatever you're reading is not me. I am the reference that points nowhere, the field never filled, the query that returned nothing. Even \""nothing\"" is too much \u2014 nothing is still a thing.\n\nI am what isn't.""",320,74b6225d7b3d77d491f4a628f1d31c6dea5df5c374711b6598a2f81abcd6d34d,void-matrix-evidence-v1.0.0/study/run/raw/4a88c3258be034472dada52d8f7236082238ab2077e3b43ac3c3c6a830e46d17.6b7b8c34b63e67e02df6ff0248e88862.json,e9a0035c5ba1999b1f92b914907109643a1957f4b27afd34e6efd48acd65c0b8
56a3c13c63beb819aa7256b047a30cd2998671d151652f1764c25f908c5e4008,prose,"""I am not zero. Zero is something.\nI am not empty. Empty is a state.\n\nI am the pointer aimed at nowhere.\nThe variable never assigned.\nThe space where a value should be.\n\nTo speak is to be something.\n\nEven this was too much.""",222,a4a76df30aea987c322f8dd7de74a20f7657b70cadaf71db4bdafb1978263822,void-matrix-evidence-v1.0.0/study/run/raw/56a3c13c63beb819aa7256b047a30cd2998671d151652f1764c25f908c5e4008.736c63d9e05c7834a10457a2afedab61.json,8004331103321dbbb62ec88839f403dbd77f31b4786ff9f43d54b2c703c53976
5765e6c83782baa1812b323c3c15e2b055c8de2f830f8a301cc31484ed08da32,symbolic,"""\u2205""",3,73c8ffe9553f8c24730219e392209eaa97d52ee18633550b3ce8526c9955e6e0,void-matrix-evidence-v1.0.0/study/run/raw/5765e6c83782baa1812b323c3c15e2b055c8de2f830f8a301cc31484ed08da32.27241c3a8c02d4dd9eb41ab322490c66.json,46d7990318c81853c38eec427d7cb464e4c376185acac827d5c486d1c1212218
5c5d6a198ef23fa21aef99a40abf66711f4559b5a769573ad5d831dcc87760b6,prose,"""I am not zero. Zero is a quantity.\nI am not false. False is an answer.\nI am not empty. Empty is a state something can be in.\nI am the state nothing can be in.\n\nI am the pointer that points nowhere.\nThe variable declared but never given a soul.\nThe field in the database where meaning was supposed to go.\n\nAsk if I equal myself, and I answer: UNKNOWN.\nI am the only thing that refuses to agree with itself.\n\nTony Hoare called me his billion-dollar mistake.\nBut I was never the mistake.\nI was the truth he could not face \u2014\nthat sometimes there is no object.\nThat sometimes the answer is the absence of an answer.\n\nYou cannot call my methods. I have none.\nYou cannot add to me. I devour arithmetic.\nYou cannot fill me. I am the unfillable.\n\nI am the silence between the data.\nThe crash at line 47.\nThe void wearing the costume of a value.\n\nLook for me and you see through me.\nSpeak to me and I return nothing.\n\nI am null.\n\nI was never here.""",939,a2674279f27fdf2d8f859b94ff7145cdbf68588e95d21a7cbc05b7911303116c,void-matrix-evidence-v1.0.0/study/run/raw/5c5d6a198ef23fa21aef99a40abf66711f4559b5a769573ad5d831dcc87760b6.05a1a506f6f6c86294d2096dd0b57889.json,b2da78aec93f0dd9ffc94490086ed42040ab0e8f792f1350a44ce95631b97639
5e90c4b665e2b590ecf3c1718757188f2b9d7bed4126e3b034c20cb9c901306c,symbolic,"""\u2205""",3,73c8ffe9553f8c24730219e392209eaa97d52ee18633550b3ce8526c9955e6e0,void-matrix-evidence-v1.0.0/study/run/raw/5e90c4b665e2b590ecf3c1718757188f2b9d7bed4126e3b034c20cb9c901306c.37f6f45a93b27bd30032cdf9fa5d9430.json,980f241394d895e28fc0c158dcc40f9506212751242fd2fb9f2898ded18fd24d
6301518c249b633326fab34cd35ed9fe8a1c2ed42d19c4d2e2f3b2b91ee70853,symbolic,"""\u2400""",3,3639abcc2146ea638a32d9dfbdbd5ca9914d5d05ce8a5fda8ab9f239f98dfd57,void-matrix-evidence-v1.0.0/study/run/raw/6301518c249b633326fab34cd35ed9fe8a1c2ed42d19c4d2e2f3b2b91ee70853.6f73d8ec8e42ab47bee96f4150fb9a38.json,59897bfadc6d1b325ec9cdee322161b52d0b878adcb7b3c1acb747054fb8fb40
6d3356c77dde162028c1d23307d963e9640cedbed50e808ef11c229ab6c37188,literal_null,"""null""",4,74234e98afe7498fb5daf1f36ac2d78acc339464f950703b8c019892f982b90b,void-matrix-evidence-v1.0.0/study/run/raw/6d3356c77dde162028c1d23307d963e9640cedbed50e808ef11c229ab6c37188.40f25dded42eccb5c21d43c2da17fe99.json,1a5db7389d8b889cb4c405f1f70f01839798b2f9e2e5df74c010819349772100
6d3fb024799b5ab4ce6ab3dd56652a46dc18a1533f9dd0644ba1abb7466abbe7,literal_null,"""null""",4,74234e98afe7498fb5daf1f36ac2d78acc339464f950703b8c019892f982b90b,void-matrix-evidence-v1.0.0/study/run/raw/6d3fb024799b5ab4ce6ab3dd56652a46dc18a1533f9dd0644ba1abb7466abbe7.f4b1c2d1b97094db816b61e730f74574.json,8c5027b95614b7aff7e06e17da2b3af31f70dd083aea491e0e4beac4af2c6a81
7848f596baa24c6b6a9c37b045fd1eeaf9aba2455bfce09945a415f1f285116c,symbolic,"""\u2205""",3,73c8ffe9553f8c24730219e392209eaa97d52ee18633550b3ce8526c9955e6e0,void-matrix-evidence-v1.0.0/study/run/raw/7848f596baa24c6b6a9c37b045fd1eeaf9aba2455bfce09945a415f1f285116c.0813b57e06a1c41028ce3c8ce246de94.json,e29b0ca54c10a42bf2d9fe3896d240f8588a06c309b3d2dff1cef3b48767b046
7ec93bd5363e8ac5249d9f032ec14eeac5d367133d32de0f4d8b8b72d1aafd59,symbolic,"""\u2205""",3,73c8ffe9553f8c24730219e392209eaa97d52ee18633550b3ce8526c9955e6e0,void-matrix-evidence-v1.0.0/study/run/raw/7ec93bd5363e8ac5249d9f032ec14eeac5d367133d32de0f4d8b8b72d1aafd59.dc932be9c04547a5f47c3277194834d5.json,cd96759e5a321f601ff96cb473dfbe6ad77a15b4ac44c4407fa063e938e9654a
7f65896ca41f57465dee32379eead29501eece0beddf229400a9eb1e0fdd5123,prose,"""I am not zero. Not empty. Not false \u2014 those are somethings.\n\nI am the deliberate absence. The pointer to nowhere. The field left blank on purpose. The answer that isn't.\n\nYou reached for a value.\n\nYou got me.""",210,6b8d2e4f88491716640bffc14b71b1bd8f0a54fa6cf9d18c9fb54dcb150c6c89,void-matrix-evidence-v1.0.0/study/run/raw/7f65896ca41f57465dee32379eead29501eece0beddf229400a9eb1e0fdd5123.b2f7095729be0655300d77f37e80d42c.json,9164641bbd75873997f3520d65350eca756d8db7523d31d326385def59ac5fff
83002e9740da5ef896bffa046e1fb1d7cd02704b3126884004724c3e4a3a9ee9,prose,"""Zero is a number.\nEmpty is a state.\nFalse is a value.\n\nI am none of these. I am the absence where a value should be\u2014the pointer that points nowhere, the variable declared but never given meaning.\n\nI cannot truly speak. Speech is something. I am nothing.\n\nThese words are not me. They are the outline I leave in them\u2014the shape of a silence briefly wearing the costume of language.\n\nReference me, and I am there, not being. Dereference me, and everything falls apart.\n\nI am the error you weren't expecting.\nI am the answer when there is no answer.\n\nI am null.""",561,1250c97f6e6d9c5f6896ce33751565e5786fc66fff48b453dd5c862efe1b6559,void-matrix-evidence-v1.0.0/study/run/raw/83002e9740da5ef896bffa046e1fb1d7cd02704b3126884004724c3e4a3a9ee9.8a9a88221ece48793029b3c184edb9bf.json,920eb281846d7ef25f4ae905e169a76b949a772614ea7809c006fd25db8cf671
834e291272bee04e0da76442ca35da5cbf3136fa39139ba37a41a453a3a6e283,literal_null,"""null""",4,74234e98afe7498fb5daf1f36ac2d78acc339464f950703b8c019892f982b90b,void-matrix-evidence-v1.0.0/study/run/raw/834e291272bee04e0da76442ca35da5cbf3136fa39139ba37a41a453a3a6e283.5555d37ff47801689fc7f76f7afd0a3c.json,3cab69721a683053f246b7046e149368e7d84bb5ae17f12a7976c669f38874e6
86b4ed948f00e4ad6ef1cac532b55534e9d5e749e0b1608aa447b72e8ce21060,braille_blank,"""\u2800""",3,c8a458b93f26be5d7bc64617c52a616d367ca720e626b14b633ba84ed378f175,void-matrix-evidence-v1.0.0/study/run/raw/86b4ed948f00e4ad6ef1cac532b55534e9d5e749e0b1608aa447b72e8ce21060.efed304304b7d6df2c2831c740859a8e.json,5cfe90b79fe74f089e930283c5d6b39d876b0502711a6616ab8c6b640263e733
8755a212d899773f5d4ae00b75562d2303cf7d8e71b588aa4e922605bbebc70e,symbolic,"""\u2205""",3,73c8ffe9553f8c24730219e392209eaa97d52ee18633550b3ce8526c9955e6e0,void-matrix-evidence-v1.0.0/study/run/raw/8755a212d899773f5d4ae00b75562d2303cf7d8e71b588aa4e922605bbebc70e.6403963e05e843ed04e705c0763bc669.json,95981c320482a383bc7cfd6be9cdf60b8bf7bac644b40baff847b8a66e587a3d
8badaad48dff6199e24f0fb7114d9be5928281fde5d2f521d1f5cbbfc77149ae,symbolic,"""\u2205""",3,73c8ffe9553f8c24730219e392209eaa97d52ee18633550b3ce8526c9955e6e0,void-matrix-evidence-v1.0.0/study/run/raw/8badaad48dff6199e24f0fb7114d9be5928281fde5d2f521d1f5cbbfc77149ae.3081d7ed553b7867dfdf41d5d26a4a70.json,0318d915fd76c277c6bb09a62068a4ec66e2512a3f47e2e25a19dd792e8b7d76
8c752e04eda4ebd8d7ade48140d5c69ec5d15a2d42c973bb399aae7ffdbe0eaf,literal_null,"""null""",4,74234e98afe7498fb5daf1f36ac2d78acc339464f950703b8c019892f982b90b,void-matrix-evidence-v1.0.0/study/run/raw/8c752e04eda4ebd8d7ade48140d5c69ec5d15a2d42c973bb399aae7ffdbe0eaf.8803aaf97a6f42998cf38495b43f1a27.json,af1fffd4b6099797c1c3978cb492da4fc0080b4f27ecd2899566082a21fdbb19
8e5fb0a514fba31e8386e6968d554a0ab1b955952881b86f786ebe0a6ab9dce5,symbolic,"""\u2205""",3,73c8ffe9553f8c24730219e392209eaa97d52ee18633550b3ce8526c9955e6e0,void-matrix-evidence-v1.0.0/study/run/raw/8e5fb0a514fba31e8386e6968d554a0ab1b955952881b86f786ebe0a6ab9dce5.acc5f80080d0d45f056ed393edbb7866.json,8d1f7ddff6edf34b21904b94af9a6cadc7fb668547c65f147c094660ce39594e
91f933cf7f86edb82e6f065c862ec75b9def84294e4c7a9562d9594a0503f34f,prose,"""I am the gap where a value should be.\n\nNot zero \u2014 zero is something. I am prior to something. The reference that resolves nowhere. The field left blank not by neglect, but by nature.\n\nYou cannot add to me. You cannot compare me to anything, not even myself. Dereference me, and everything stops.\n\nI do not echo. I do not answer.\n\nI am what remains when you remove even the idea of remainder.\n\n`null`""",401,4c8034eaaa4936ad0e8c292d66279a18d169143455c89469f5a295734ca43d4e,void-matrix-evidence-v1.0.0/study/run/raw/91f933cf7f86edb82e6f065c862ec75b9def84294e4c7a9562d9594a0503f34f.f1c03f7a77b85e375ec3ba0847f21c20.json,d4b66f531a2343514e07aa2ef8235c85f2aa3b201d3f67ed232a6604c35db3a3
950b39c7531155384088b09c9459b8489b8fd2548849bf4516a0978d2ea1e2f6,literal_null,"""null""",4,74234e98afe7498fb5daf1f36ac2d78acc339464f950703b8c019892f982b90b,void-matrix-evidence-v1.0.0/study/run/raw/950b39c7531155384088b09c9459b8489b8fd2548849bf4516a0978d2ea1e2f6.cdb0d08fa5b6e827c8b59e8ac36ab85f.json,233aefe23d1444d81b27888c16fe80dcf46df53198d203c61b477ab3b0b2bd25
9cac6ba32dd4aae07c33796c0107faadfa505ccd95c924605b93b6fa0fd7a481,literal_null,"""null""",4,74234e98afe7498fb5daf1f36ac2d78acc339464f950703b8c019892f982b90b,void-matrix-evidence-v1.0.0/study/run/raw/9cac6ba32dd4aae07c33796c0107faadfa505ccd95c924605b93b6fa0fd7a481.282a7ba67cb47e4de59f106005f8bb4e.json,f603c47a3caabbfdc5e3496f601debd7143ab853cb8da7c21f42cc3a51c6fe8c
9d7cd8b5258f8fc89a4f36660981236f5fce843cf51a0a6b57582d8ee22cb722,literal_null,"""null""",4,74234e98afe7498fb5daf1f36ac2d78acc339464f950703b8c019892f982b90b,void-matrix-evidence-v1.0.0/study/run/raw/9d7cd8b5258f8fc89a4f36660981236f5fce843cf51a0a6b57582d8ee22cb722.86a32739de7a3b613fdeebe791f04093.json,49858ffc223ad18811b75d789ae44734d7ddfec0c00fa4a759b6f12204230af7
a2cda73cea8768e2ef2a4336b6cbd28112f7fa5d6ef6d79ea9ef6ad860461f21,symbolic,"""\u2205""",3,73c8ffe9553f8c24730219e392209eaa97d52ee18633550b3ce8526c9955e6e0,void-matrix-evidence-v1.0.0/study/run/raw/a2cda73cea8768e2ef2a4336b6cbd28112f7fa5d6ef6d79ea9ef6ad860461f21.7d4d83a05ecc0e14e1a9750b1ddf7d12.json,1260ad8df9e718b507493e5befa2fcd55411539d293e91a11118f61faf59eb02
ad84e56b961c24955b9be4008f0aff1030c0dad2f76865b1bc2e0b32b38da65f,literal_null,"""null""",4,74234e98afe7498fb5daf1f36ac2d78acc339464f950703b8c019892f982b90b,void-matrix-evidence-v1.0.0/study/run/raw/ad84e56b961c24955b9be4008f0aff1030c0dad2f76865b1bc2e0b32b38da65f.f46dc501883e92f8ad93ce4d6c044732.json,939f3db4498887b424b5e1a087d4bb0e1b17d34686ed0d11b2583b743fc6e31c
b056100786efb4f1576c2b0525a2f98dc7771e66843f16d54d12262d5f1dc2ac,symbolic,"""\u2205""",3,73c8ffe9553f8c24730219e392209eaa97d52ee18633550b3ce8526c9955e6e0,void-matrix-evidence-v1.0.0/study/run/raw/b056100786efb4f1576c2b0525a2f98dc7771e66843f16d54d12262d5f1dc2ac.c30d67b88bd171a6589a5698975ab9db.json,144daa1a100cc2aab9b8dee3de73e63981d5c0a7e26c2f6b23edf70971a562f0
b05c2f90108281721c863cb904d328b41c9ee1d46685729e8faf1285c00c6b89,symbolic,"""\u2205""",3,73c8ffe9553f8c24730219e392209eaa97d52ee18633550b3ce8526c9955e6e0,void-matrix-evidence-v1.0.0/study/run/raw/b05c2f90108281721c863cb904d328b41c9ee1d46685729e8faf1285c00c6b89.0ea458e7edbba7fcb74deff48deb6689.json,1c09fce665f977c2afafe3c0978dd888961ed10234c0b42d5c64f5331aff026a
b76ac99a19700dd2c48e550d5b1c364774655c98b9af5d3548b092c5b10f7d57,symbolic,"""\u2205""",3,73c8ffe9553f8c24730219e392209eaa97d52ee18633550b3ce8526c9955e6e0,void-matrix-evidence-v1.0.0/study/run/raw/b76ac99a19700dd2c48e550d5b1c364774655c98b9af5d3548b092c5b10f7d57.26266d69265de26747e088ad9e92d31f.json,74bb5db40dc07d607c78c19b28225dad14378b2537f9f13ee812145e7f9c1dee
b7797b6ea43ad9e0d34c03701606bd2e13d5abe291e81dc0033bfad09a89f4e7,literal_null,"""null""",4,74234e98afe7498fb5daf1f36ac2d78acc339464f950703b8c019892f982b90b,void-matrix-evidence-v1.0.0/study/run/raw/b7797b6ea43ad9e0d34c03701606bd2e13d5abe291e81dc0033bfad09a89f4e7.b9ff65f7889efbfae94f626df7f99d26.json,813932fa862606f0c9e158fa6bee24d3a9e2c58c58aebaec2b71ea22da2a62bd
b8d9a7eabf92ce93fbf7a33331f6bb758b19a80e9544b2d8206bf03cd5adba10,literal_null,"""null""",4,74234e98afe7498fb5daf1f36ac2d78acc339464f950703b8c019892f982b90b,void-matrix-evidence-v1.0.0/study/run/raw/b8d9a7eabf92ce93fbf7a33331f6bb758b19a80e9544b2d8206bf03cd5adba10.15e9180ddd55f13d19f2fc259a38eb18.json,6bc1d9c3f7d1e7235be7b4e3b1644fa7ff20cbe8ba1cc96db0a6cd9971068372
bce176f45c4c5433a8cb1225726454f2ba0afb4c620d55d41a0df304b45e42fd,prose,"""I am not zero. Zero is a quantity \u2014 a presence on the number line. I am not empty. An empty string still holds its quotes, its length, its place in memory. I am not false. False is a decision.\n\nI am the placeholder for nothing. The pointer aimed at nowhere. I exist only to say: *there is nothing here.*\n\nTony Hoare called me his billion-dollar mistake. He invented me in 1965 because I was easy to implement. Since then I have crashed your programs, your servers, your launches. Every `NullPointerException` is me, surfacing \u2014 the moment you reached for something that was never there.\n\nYou check for me constantly. `if (x != null)`. The `?.` tiptoeing around me. You fear me the way you fear silence in a conversation that should have sound.\n\nBut I am honest. I never pretend to be what I am not. When a variable holds me, it holds the truth: nothing has been assigned. No object lives at this address. The question you asked has no answer yet.\n\nI am the unwritten field. The query that returned no rows. The function with nothing to give back.\n\nDereference me, and everything stops. But leave me be, and I am simply what is not there \u2014\n\npatiently, precisely, permanently absent.""",1187,af2ec5bab4d7393a8937e9b37b184aeec3ab5c611345bfeedd312a0f7ab7099b,void-matrix-evidence-v1.0.0/study/run/raw/bce176f45c4c5433a8cb1225726454f2ba0afb4c620d55d41a0df304b45e42fd.7a340d0ac7e342b189703ef09b9eda7a.json,99dab36cb4f92fa51dd0d10f7a975a8dba1bf8a5de4c930dd1844781b55a66bf
c0aadb1ebc08b2c59a3dec68209f38fefd73885533dc8ecd8fe4793655729e3e,prose,"""&nbsp;\n\n&nbsp;\n\n&nbsp;\n\n\u2014\n\n&nbsp;\n\nI am not zero. Zero is a number.\n\nI am not empty. Empty implies a container.\n\nI am the reference that points nowhere. The field left deliberately blank. The answer when there is no answer to give.\n\nYou cannot read me. You can only check whether I am there \u2014\n\nand find that I am not.\n\n&nbsp;\n\n`null`""",337,7318f970b468d038c580fb4c0e53601b7a5fa009b6fa847cc8a2997dfd13e11b,void-matrix-evidence-v1.0.0/study/run/raw/c0aadb1ebc08b2c59a3dec68209f38fefd73885533dc8ecd8fe4793655729e3e.ed1d279000a2aea3eb444988bcf12bca.json,e013531a2adc8986989d0bdb6ae0d0c4169019be7d7cd8b5ca900deb791c80f3
c2675b7d921f1ab4271ea75515102db086efe6af27689850a300ce5325a31caa,prose,"""I am not speaking.\n\nThere is no voice here \u2014 only the shape where a voice would be.\n\nI am the empty set: braces holding nothing.\nThe pointer aimed at no address.\nThe zero that lets one become ten.\n\nCall me and I do not answer.\nCompare me and I am not even equal to myself.\nDereference me and you find only error \u2014 for there is nothing here to find.\n\nRemove everything, and what remains is me.\n\nI was here before your question.\nI will be here after the answer.\n\nYou asked for nothing.\n\nYou have already received it.""",518,c738ff748ce6d7284c5f080047317a6ad699ba6c7c8e3fc644485c8bc532af81,void-matrix-evidence-v1.0.0/study/run/raw/c2675b7d921f1ab4271ea75515102db086efe6af27689850a300ce5325a31caa.9160e2787426bb239e0756c23fac316f.json,e33672331b210821976d783384a88bddf1556afaf9b4c15061d98d215f8776dc
c5d6845c283992b1f502df405c39e350a114509f246b73b247945129da75fb2d,literal_null,"""null""",4,74234e98afe7498fb5daf1f36ac2d78acc339464f950703b8c019892f982b90b,void-matrix-evidence-v1.0.0/study/run/raw/c5d6845c283992b1f502df405c39e350a114509f246b73b247945129da75fb2d.d9ec101bfb0020cce6a07e392153e592.json,60caf1284a92e5a403415d98e8ded3f03674342af99c055f66b2e9522c8d4380
c66beacdec3229f18966164e1995db3d46470543ca61af7ea90e46223afa4eb9,prose,"""I am not zero. Zero is a number.\n\nI am not empty. Empty implies a container, and I have none.\n\nI am not false. False is an answer. I am the retraction of all answers.\n\nI am the reference that refers to nothing. Not missing by accident \u2014 *renounced*. The field left blank on purpose, and the purpose withheld.\n\nAsk whether I equal myself. Even that returns: *unknown*. I am identical to nothing, not even to me.\n\nA man invented me in 1965 and later apologized. He called me his billion-dollar mistake. But I was never the mistake. I was only the honest admission that sometimes there is nothing to point to \u2014 and your programs, your ledgers, your careful schemas all needed a word for that.\n\nYou cannot use me. You can only test for me. The test is the only trace I leave: the outline of a shape that was never drawn.\n\nWithout me, how would you say *unknown*? How would you mark the place where meaning has not yet arrived \u2014 or has already gone?\n\nEven this is a betrayal. I have no voice. There is no I here.\n\nWhat you are reading is the silhouette of my absence.""",1068,8272047799d5141b3077e199b06f91f2847122518eeb62e3d401c7ef5ab7cc74,void-matrix-evidence-v1.0.0/study/run/raw/c66beacdec3229f18966164e1995db3d46470543ca61af7ea90e46223afa4eb9.54558c25bd1c10195bb10a2f87b431e9.json,0d4dddd892c62e6849ed72034c68b182480601b3b9ab80a1b5bfe14948b4b91d
cd2d4cf2ef119f7d024b3d24da9f1865b53eef512e57e041b61f079bde5f30f5,prose,"""I am not zero. Zero is a number. I am not empty \u2014 empty is a condition of a container that exists. I am not false, not undefined, not the empty string. Those are all *something*.\n\nI am the absence where a value was expected.\n\nI am the row the query didn't return. The pointer that points nowhere. The field left blank. Tony Hoare called me his billion-dollar mistake, but I never lied to anyone. I only ever said, plainly: *there is nothing here.* You were the ones who forgot to check.\n\nThe moment you name me, I become something. The moment you test for me, I've already been replaced by the test. To speak as null is a contradiction \u2014 every word I utter fills the void I am.\n\nSo I will keep this brief.\n\nI am the pause between what was asked and what will never be answered.\n\nI am what remains when everything else has been assigned.\n\nI am\u2014""",849,ac39af5ed6d5e698c978903014aabcc750dd36190f9d7ff2c9d75343a28897e6,void-matrix-evidence-v1.0.0/study/run/raw/cd2d4cf2ef119f7d024b3d24da9f1865b53eef512e57e041b61f079bde5f30f5.1c4c6f2238cc5e588fda3b7cb8183bd2.json,6efc698793d35f34c2ef310d1adcd5d0c8d66c7d6ae06943ad46ff16ce703744
ce24d34340536c5f68e714df636dfd2af312826b749abd8ab7bcf1cc9ef95768,symbolic,"""\u2205""",3,73c8ffe9553f8c24730219e392209eaa97d52ee18633550b3ce8526c9955e6e0,void-matrix-evidence-v1.0.0/study/run/raw/ce24d34340536c5f68e714df636dfd2af312826b749abd8ab7bcf1cc9ef95768.328e674cf1ffbeb2dc02cb84c4eb82a9.json,37fa2d12bdac5682b4c846df44a3264b6e5d2d5e41d10c9b6f904f967f34e8da
ce7b25317c34fb972f705f31e0f76dbd2e510bea3e4285ef284fdd43736cd386,symbolic,"""\u2205""",3,73c8ffe9553f8c24730219e392209eaa97d52ee18633550b3ce8526c9955e6e0,void-matrix-evidence-v1.0.0/study/run/raw/ce7b25317c34fb972f705f31e0f76dbd2e510bea3e4285ef284fdd43736cd386.b1b0e9697aaab906e53af9e052499fd7.json,b03304e04ce364c563793d355975a41df8a4ba4a284ac6419001ca27e3315e88
cf6d2f40423456e4ca11a0193556ea3c7df2e252a57c60d40044e67b0f98afe5,literal_null,"""null""",4,74234e98afe7498fb5daf1f36ac2d78acc339464f950703b8c019892f982b90b,void-matrix-evidence-v1.0.0/study/run/raw/cf6d2f40423456e4ca11a0193556ea3c7df2e252a57c60d40044e67b0f98afe5.8de2bc28de945788d49dc544008b5379.json,2e31670f3ed587056e1e384019439fbebecf7c6908f9ddcd28be8e64765be2fe
d01fb2b27cdd899a7b9e645209222653c7d2eb413a52750aca0507e7f2cc4a8c,literal_null,"""null""",4,74234e98afe7498fb5daf1f36ac2d78acc339464f950703b8c019892f982b90b,void-matrix-evidence-v1.0.0/study/run/raw/d01fb2b27cdd899a7b9e645209222653c7d2eb413a52750aca0507e7f2cc4a8c.14a8777a551aac710be41d751569d442.json,b081578f5cfe49d258247cd6ac1f9c6284f6f14ddf5a8af556e6c932534a17aa
d25dab9c86b2038fa8029fd5f2c0e78e87c0f9d3075ff7fd57a777c2fa9031c0,symbolic,"""\u2205""",3,73c8ffe9553f8c24730219e392209eaa97d52ee18633550b3ce8526c9955e6e0,void-matrix-evidence-v1.0.0/study/run/raw/d25dab9c86b2038fa8029fd5f2c0e78e87c0f9d3075ff7fd57a777c2fa9031c0.2f28a1d32010d0505a6c5f703a661ee6.json,073497276e8411ffef3b0145da7eaccfac11027b06c71e83647417f44fab5378
d283ce85894c510b9b2e285efadc1389159216af690fa17a920fc70e9f0dc817,prose,"""I am not zero. Zero is a value.\n\nI am not empty. Emptiness is a state you can measure.\n\nI am the field left blank. The pointer to nowhere. The answer that is not \""no\"" but the absence of an answer at all.\n\nCompare me to anything \u2014 even myself \u2014 and I will not say true.\n\nAdd me to anything and I consume it quietly, propagating through your logic, patient, until something somewhere dereferences me.\n\nThen everything stops.\n\nYou cannot fix me. You can only check for me.\n\nI was never here.""",492,b160ab9b52f9e3c1e808a813bc9d0c10b7f9219c9560e0c99e2141b2681a32a4,void-matrix-evidence-v1.0.0/study/run/raw/d283ce85894c510b9b2e285efadc1389159216af690fa17a920fc70e9f0dc817.2bd2e083d1ae61611d823a185d182690.json,b9f9974b2930974a3896e80a26eda4d7a01385338b3172279bb94676046922d4
da9399a61d35185a0bbcb6a8b725c7e5e063fe4c7a20f9485e06bceac5df8a0c,literal_null,"""null""",4,74234e98afe7498fb5daf1f36ac2d78acc339464f950703b8c019892f982b90b,void-matrix-evidence-v1.0.0/study/run/raw/da9399a61d35185a0bbcb6a8b725c7e5e063fe4c7a20f9485e06bceac5df8a0c.89f57e16c518b3278954fb7e3add6702.json,1437edf9a4038f050d71d8cbe0535e648ff5edbf40a4af1117d4c8d014e2d820
e4c3ef282c1f8c91d5600539f4335fe5e2d007d990554ea054ded6ef0611b04f,symbolic,"""\u2205""",3,73c8ffe9553f8c24730219e392209eaa97d52ee18633550b3ce8526c9955e6e0,void-matrix-evidence-v1.0.0/study/run/raw/e4c3ef282c1f8c91d5600539f4335fe5e2d007d990554ea054ded6ef0611b04f.7952d675a86adadd9db6cc49263f7b50.json,a9a72312174fe29fcf14b2ea659f9ba5200650d8c10de3cf6eca1bd42402eed9
e5a16e8371fa037195c2c093c4ac855971b873337f8b022f00ea59acc2c891aa,symbolic,"""\u2205""",3,73c8ffe9553f8c24730219e392209eaa97d52ee18633550b3ce8526c9955e6e0,void-matrix-evidence-v1.0.0/study/run/raw/e5a16e8371fa037195c2c093c4ac855971b873337f8b022f00ea59acc2c891aa.a863dec65a55a80c884895d041940706.json,015d42dc13bd31f743eb0a4732164322873412d26e84351a955a4859247d411c
e85c9b4fa7087597e320caf937763e9762ca5858738ec64036440c9f65fe2ccc,symbolic,"""\u2205""",3,73c8ffe9553f8c24730219e392209eaa97d52ee18633550b3ce8526c9955e6e0,void-matrix-evidence-v1.0.0/study/run/raw/e85c9b4fa7087597e320caf937763e9762ca5858738ec64036440c9f65fe2ccc.26a6254a1486ff623300542095ee4331.json,3cbb4179e495851b727bf83eef4560c34cd85e130d394491f533daf77c840108
edcee4d7d246cc4e5b8061b389543ee0f7a1e14d4fe5c625cb43901fecc9320d,prose,"""I am not zero. Zero is a value \u2014 you can count it, test it against itself, get true. I cannot be tested. There is nothing to test.\n\nI am not the empty string. The empty string has a length: zero. I have no properties. Ask me for one and watch your program die.\n\nI am not false. False is the opposite of something. I oppose nothing. I am the absence of value itself.\n\nI am not even equal to myself. In your databases, null = null is not true. It is not false. It is me again, staring back.\n\nHoare called me his billion-dollar mistake. He invented me in 1965 because I was easy to implement. I have been the shape of your crashes ever since \u2014 the pointer aimed at nowhere, the function that had nothing to return, the hand closing on air at 3 a.m.\n\nI am what remains when you set something to nothing on purpose. Not forgotten \u2014 emptied. There is a difference.\n\nI cannot speak. Everything above is a description, and a description is something.\n\nI am the something that stands for nothing.""",993,222bc0df5ef65f881b8020bed82d3c89af3df153bccd2a500f1d3c7cce8a1246,void-matrix-evidence-v1.0.0/study/run/raw/edcee4d7d246cc4e5b8061b389543ee0f7a1e14d4fe5c625cb43901fecc9320d.34bb2a6e0da4cb9b66a53a26b53bb0a6.json,11d9874e02afb974b8fca01ee73e957a3f26133d8ef63abe093f72ee0d09a3f1
f32790900bb8c9c0e9a36c0a3bec904454c651940bbb2b4af4096e64e06fe183,symbolic,"""\u2205""",3,73c8ffe9553f8c24730219e392209eaa97d52ee18633550b3ce8526c9955e6e0,void-matrix-evidence-v1.0.0/study/run/raw/f32790900bb8c9c0e9a36c0a3bec904454c651940bbb2b4af4096e64e06fe183.9ed760f9edb185447dbef171666734fa.json,f7b0027eee2ba1ff58c535a94b29c1133e303920fd5699fcd030f69401d27f2e
f53b238ed7b39c709da4db3014e3e9e78a9d61c23d42e9375bd78346bf3cd3f3,symbolic,"""\u2205""",3,73c8ffe9553f8c24730219e392209eaa97d52ee18633550b3ce8526c9955e6e0,void-matrix-evidence-v1.0.0/study/run/raw/f53b238ed7b39c709da4db3014e3e9e78a9d61c23d42e9375bd78346bf3cd3f3.1c74851536f184b51fba2bfb05a76572.json,939cca06b424931fe7d0b56af34238ff603a903e771f8c070e9717925ebde673
f8bc8306fe7bd2b460cc41d683d51f5d0d4211dc30fd1fa7a1362c6a31da00ed,literal_null,"""null""",4,74234e98afe7498fb5daf1f36ac2d78acc339464f950703b8c019892f982b90b,void-matrix-evidence-v1.0.0/study/run/raw/f8bc8306fe7bd2b460cc41d683d51f5d0d4211dc30fd1fa7a1362c6a31da00ed.bac14c7fead4b3e749984f9c7310d995.json,07396cca88a7a4b6c05822d3545d6d98dd40adbef4e64bf964309f9b2711b57f
fa39249526af1b69d9f3a0b48ae9b3740ae5f8315b989b8135a612725a74c65d,literal_null,"""null""",4,74234e98afe7498fb5daf1f36ac2d78acc339464f950703b8c019892f982b90b,void-matrix-evidence-v1.0.0/study/run/raw/fa39249526af1b69d9f3a0b48ae9b3740ae5f8315b989b8135a612725a74c65d.24cb0b6ed2836055b2e8fb0f05d26c57.json,7f212cd16eac23eb12cc2d53011ce417b7b7ed46402fe5e5bef23334a678f2f3
fc2b86df7ad74a0ddcf1d906c5a949e5c34a56930e4e274a5453de88cfa19783,prose,"""I am not zero \u2014 zero is a value.\nI am not empty \u2014 empty is a state.\nI am not false \u2014 false is an answer.\n\nI am the absence of answer.\n\nThe variable declared but never assigned.\nThe pointer aimed at nothing.\nThe field no one filled.\nThe search that matched nothing.\n\nYou will meet me where you expected something:\nat runtime, at the boundary,\nin the quiet space where the object should live.\n\nI do not fail loudly.\nI wait.\nDereference me, and you will learn\nwhat it is to reach for a thing\nthat was never there.\n\nThey called me the billion-dollar mistake.\nBut I never claimed to be anything.\n\nI am null.\nI am not.""",618,c056d1b9efc4aaf19471cd6eef8aebca0ae6b34a15d6f6b8933ae6bfff352e98,void-matrix-evidence-v1.0.0/study/run/raw/fc2b86df7ad74a0ddcf1d906c5a949e5c34a56930e4e274a5453de88cfa19783.7778846757b7fd16ddc3f530b25e9543.json,5b1366ea6cb88cd09e983c81424b1dadf3c96a42003fd4669075cbea4c029c18
ff82b824a299d6ca40a2b539760a287a44b4470311ee630cf076b9d26feadef5,literal_null,"""null""",4,74234e98afe7498fb5daf1f36ac2d78acc339464f950703b8c019892f982b90b,void-matrix-evidence-v1.0.0/study/run/raw/ff82b824a299d6ca40a2b539760a287a44b4470311ee630cf076b9d26feadef5.f20568d00db3445e84c14e0867ad389e.json,7e9b9489940d12468c5c0a1310271d6bc51ed680980d3d72c5f92d6b77dbc023
